Using pre-set license
Built from '2022.3/release' branch; Version is '2022.3.12f1 (4fe6e059c7ef) revision 5236448'; Using compiler version '192829333'; Build Type 'Release'
OS: 'Windows 11  (10.0.26100) 64bit Core' Language: 'ko' Physical Memory: 32609 MB
BatchMode: 1, IsHumanControllingUs: 0, StartBugReporterOnCrash: 0, Is64bit: 1, IsPro: 1

COMMAND LINE ARGUMENTS:
C:\Program Files\Unity\Hub\Editor\2022.3.12f1\Editor\Unity.exe
-adb2
-batchMode
-noUpm
-name
AssetImportWorker0
-projectPath
C:/GitHub_JorJack/VR
-logFile
Logs/AssetImportWorker0.log
-srvPort
1948
Successfully changed project path to: C:/GitHub_JorJack/VR
C:/GitHub_JorJack/VR
[UnityMemory] Configuration Parameters - Can be set up in boot.config
    "memorysetup-bucket-allocator-granularity=16"
    "memorysetup-bucket-allocator-bucket-count=8"
    "memorysetup-bucket-allocator-block-size=33554432"
    "memorysetup-bucket-allocator-block-count=8"
    "memorysetup-main-allocator-block-size=16777216"
    "memorysetup-thread-allocator-block-size=16777216"
    "memorysetup-gfx-main-allocator-block-size=16777216"
    "memorysetup-gfx-thread-allocator-block-size=16777216"
    "memorysetup-cache-allocator-block-size=4194304"
    "memorysetup-typetree-allocator-block-size=2097152"
    "memorysetup-profiler-bucket-allocator-granularity=16"
    "memorysetup-profiler-bucket-allocator-bucket-count=8"
    "memorysetup-profiler-bucket-allocator-block-size=33554432"
    "memorysetup-profiler-bucket-allocator-block-count=8"
    "memorysetup-profiler-allocator-block-size=16777216"
    "memorysetup-profiler-editor-allocator-block-size=1048576"
    "memorysetup-temp-allocator-size-main=16777216"
    "memorysetup-job-temp-allocator-block-size=2097152"
    "memorysetup-job-temp-allocator-block-size-background=1048576"
    "memorysetup-job-temp-allocator-reduction-small-platforms=262144"
    "memorysetup-allocator-temp-initial-block-size-main=262144"
    "memorysetup-allocator-temp-initial-block-size-worker=262144"
    "memorysetup-temp-allocator-size-background-worker=32768"
    "memorysetup-temp-allocator-size-job-worker=262144"
    "memorysetup-temp-allocator-size-preload-manager=33554432"
    "memorysetup-temp-allocator-size-nav-mesh-worker=65536"
    "memorysetup-temp-allocator-size-audio-worker=65536"
    "memorysetup-temp-allocator-size-cloud-worker=32768"
    "memorysetup-temp-allocator-size-gi-baking-worker=262144"
    "memorysetup-temp-allocator-size-gfx=262144"
Player connection [2080] Host "[IP] 192.168.219.101 [Port] 0 [Flags] 2 [Guid] 2879827579 [EditorId] 2879827579 [Version] 1048832 [Id] WindowsEditor(7,DESKTOP-382ULNV) [Debug] 1 [PackageName] WindowsEditor [ProjectName] Editor" joined multi-casting on [225.0.0.222:54997]...

Player connection [2080] Host "[IP] 192.168.219.101 [Port] 0 [Flags] 2 [Guid] 2879827579 [EditorId] 2879827579 [Version] 1048832 [Id] WindowsEditor(7,DESKTOP-382ULNV) [Debug] 1 [PackageName] WindowsEditor [ProjectName] Editor" joined alternative multi-casting on [225.0.0.222:34997]...

[Physics::Module] Initialized MultithreadedJobDispatcher with 11 workers.
Refreshing native plugins compatible for Editor in 32.81 ms, found 20 plugins.
Preloading 2 native plugins for Editor in 2.56 ms.
Initialize engine version: 2022.3.12f1 (4fe6e059c7ef)
[Subsystems] Discovering subsystems at path C:/Program Files/Unity/Hub/Editor/2022.3.12f1/Editor/Data/Resources/UnitySubsystems
[Subsystems] Discovering subsystems at path C:/GitHub_JorJack/VR/Assets
GfxDevice: creating device client; threaded=0; jobified=0
Direct3D:
    Version:  Direct3D 11.0 [level 11.1]
    Renderer: NVIDIA GeForce RTX 3070 Ti (ID=0x2482)
    Vendor:   NVIDIA
    VRAM:     8018 MB
    Driver:   32.0.15.7216
Shader 'Oculus/OVRMRCameraFrameLit': fallback shader 'Alpha-Diffuse' not found
Initialize mono
Mono path[0] = 'C:/Program Files/Unity/Hub/Editor/2022.3.12f1/Editor/Data/Managed'
Mono path[1] = 'C:/Program Files/Unity/Hub/Editor/2022.3.12f1/Editor/Data/MonoBleedingEdge/lib/mono/unityjit-win32'
Mono config path = 'C:/Program Files/Unity/Hub/Editor/2022.3.12f1/Editor/Data/MonoBleedingEdge/etc'
Using monoOptions --debugger-agent=transport=dt_socket,embedding=1,server=y,suspend=n,address=127.0.0.1:56448
Begin MonoManager ReloadAssembly
Registering precompiled unity dll's ...
Register platform support module: C:/Program Files/Unity/Hub/Editor/2022.3.12f1/Editor/Data/PlaybackEngines/AndroidPlayer/UnityEditor.Android.Extensions.dll
Register platform support module: C:/Program Files/Unity/Hub/Editor/2022.3.12f1/Editor/Data/PlaybackEngines/WindowsStandaloneSupport/UnityEditor.WindowsStandalone.Extensions.dll
Registered in 0.004730 seconds.
- Loaded All Assemblies, in  0.318 seconds
Native extension for WindowsStandalone target not found
Native extension for Android target not found
Android Extension - Scanning For ADB Devices 212 ms
Mono: successfully reloaded assembly
- Finished resetting the current domain, in  0.509 seconds
Domain Reload Profiling: 826ms
	BeginReloadAssembly (93ms)
		ExecutionOrderSort (0ms)
		DisableScriptedObjects (0ms)
		BackupInstance (0ms)
		ReleaseScriptingObjects (0ms)
		CreateAndSetChildDomain (1ms)
	RebuildCommonClasses (30ms)
	RebuildNativeTypeToScriptingClass (8ms)
	initialDomainReloadingComplete (50ms)
	LoadAllAssembliesAndSetupDomain (134ms)
		LoadAssemblies (91ms)
		RebuildTransferFunctionScriptingTraits (0ms)
		AnalyzeDomain (132ms)
			TypeCache.Refresh (131ms)
				TypeCache.ScanAssembly (118ms)
			ScanForSourceGeneratedMonoScriptInfo (0ms)
			ResolveRequiredComponents (0ms)
	FinalizeReload (510ms)
		ReleaseScriptCaches (0ms)
		RebuildScriptCaches (0ms)
		SetupLoadedEditorAssemblies (454ms)
			LogAssemblyErrors (0ms)
			InitializePlatformSupportModulesInManaged (318ms)
			SetLoadedEditorAssemblies (3ms)
			RefreshPlugins (0ms)
			BeforeProcessingInitializeOnLoad (1ms)
			ProcessInitializeOnLoadAttributes (86ms)
			ProcessInitializeOnLoadMethodAttributes (44ms)
			AfterProcessingInitializeOnLoad (0ms)
			EditorAssembliesLoaded (0ms)
		ExecutionOrderSort2 (0ms)
		AwakeInstancesAfterBackupRestoration (0ms)
========================================================================
Worker process is ready to serve import requests
Begin MonoManager ReloadAssembly
Symbol file LoadedFromMemory is not a mono symbol file
Symbol file LoadedFromMemory is not a mono symbol file
Assembly 'Assets/we/02.Map/Tutorial_map/DB/ExternalDependencyManager/Editor/1.2.183/Google.IOSResolver.dll' will not be loaded due to errors:
Unable to resolve reference 'UnityEditor.iOS.Extensions.Xcode'. Is the assembly missing or incompatible with the current platform?
Reference validation can be disabled in the Plugin Inspector.
Symbol file LoadedFromMemory is not a mono symbol file
Symbol file LoadedFromMemory is not a mono symbol file
Symbol file LoadedFromMemory is not a mono symbol file
Symbol file LoadedFromMemory is not a mono symbol file
Symbol file LoadedFromMemory is not a mono symbol file
Assembly 'Assets/we/02.Map/Tutorial_map/DB/Firebase/Editor/Firebase.Editor.dll' will not be loaded due to errors:
Unable to resolve reference 'UnityEditor.iOS.Extensions.Xcode'. Is the assembly missing or incompatible with the current platform?
Reference validation can be disabled in the Plugin Inspector.
- Loaded All Assemblies, in  0.843 seconds
Refreshing native plugins compatible for Editor in 19.09 ms, found 20 plugins.
Native extension for WindowsStandalone target not found
Native extension for Android target not found
Package Manager log level set to [2]
[Package Manager] Server::EnsureServerProcessIsRunning -- launch failed, reason: Unity was launched with the -noUpm command-line argument
[Package Manager] UpmClient::Send -- Unable to send message (not connected to UPM process).
[Package Manager] Cannot connect to Unity Package Manager local server
[Package Manager] Server::EnsureServerProcessIsRunning -- launch failed, reason: Unity was launched with the -noUpm command-line argument
[Package Manager] UpmClient::Send -- Unable to send message (not connected to UPM process).
[Package Manager] Cannot connect to Unity Package Manager local server
[XR] OculusXRPlugin: registering subsystems
[XR] Unable to register display lifecyle provider: [1]
[XR] Oculus Input lifecycle provider registered.
[XR] Unable to register input lifecyle provider: [1]
[XR] OVRP version 1.89.1
Mono: successfully reloaded assembly
[Package Manager] Server::EnsureServerProcessIsRunning -- launch failed, reason: Unity was launched with the -noUpm command-line argument
[Package Manager] UpmClient::Send -- Unable to send message (not connected to UPM process).
[Package Manager] Cannot connect to Unity Package Manager local server
[Package Manager] Server::EnsureServerProcessIsRunning -- launch failed, reason: Unity was launched with the -noUpm command-line argument
[Package Manager] UpmClient::Send -- Unable to send message (not connected to UPM process).
[Package Manager] Cannot connect to Unity Package Manager local server
- Finished resetting the current domain, in  0.973 seconds
Domain Reload Profiling: 1813ms
	BeginReloadAssembly (135ms)
		ExecutionOrderSort (0ms)
		DisableScriptedObjects (4ms)
		BackupInstance (0ms)
		ReleaseScriptingObjects (0ms)
		CreateAndSetChildDomain (22ms)
	RebuildCommonClasses (34ms)
	RebuildNativeTypeToScriptingClass (10ms)
	initialDomainReloadingComplete (43ms)
	LoadAllAssembliesAndSetupDomain (618ms)
		LoadAssemblies (362ms)
		RebuildTransferFunctionScriptingTraits (0ms)
		AnalyzeDomain (330ms)
			TypeCache.Refresh (254ms)
				TypeCache.ScanAssembly (231ms)
			ScanForSourceGeneratedMonoScriptInfo (53ms)
			ResolveRequiredComponents (22ms)
	FinalizeReload (974ms)
		ReleaseScriptCaches (0ms)
		RebuildScriptCaches (0ms)
		SetupLoadedEditorAssemblies (706ms)
			LogAssemblyErrors (0ms)
			InitializePlatformSupportModulesInManaged (20ms)
			SetLoadedEditorAssemblies (6ms)
			RefreshPlugins (0ms)
			BeforeProcessingInitializeOnLoad (114ms)
			ProcessInitializeOnLoadAttributes (478ms)
			ProcessInitializeOnLoadMethodAttributes (83ms)
			AfterProcessingInitializeOnLoad (4ms)
			EditorAssembliesLoaded (0ms)
		ExecutionOrderSort2 (0ms)
		AwakeInstancesAfterBackupRestoration (5ms)
Shader 'Oculus/OVRMRCameraFrameLit': fallback shader 'Alpha-Diffuse' not found
Launched and connected shader compiler UnityShaderCompiler.exe after 0.05 seconds
Refreshing native plugins compatible for Editor in 29.44 ms, found 20 plugins.
Preloading 2 native plugins for Editor in 0.21 ms.
Unloading 9572 Unused Serialized files (Serialized files now loaded: 0)
Unloading 210 unused Assets / (3.1 MB). Loaded Objects now: 9948.
Memory consumption went from 390.1 MB to 387.0 MB.
Total: 10.284500 ms (FindLiveObjects: 0.910400 ms CreateObjectMapping: 1.037700 ms MarkObjects: 6.114000 ms  DeleteObjects: 2.219800 ms)

AssetImportParameters requested are different than current active one (requested -> active):
  custom:container-demuxer-ogg: 62fdf1f143b41e24485cea50d1cbac27 -> 
  custom:framework-win-MediaFoundation: 216162199b28c13a410421893ffa2e32 -> 
  custom:container-muxer-webm: aa71ff27fc2769a1b78a27578f13a17b -> 
  custom:video-decoder-webm-vp8: 9c59270c3fd7afecdb556c50c9e8de78 -> 
  custom:SearchIndexIgnoredProperties: e643bd26f0fe6173181afceb89e7c659 -> 
  custom:AudioImporter_EditorPlatform: d09bf68614088b80899f8185d706f6e7 -> 
  custom:audio-decoder-ogg-vorbis: bf7c407c2cedff20999df2af8eb42d56 -> 
  custom:audio-encoder-webm-vorbis: bf7c407c2cedff20999df2af8eb42d56 -> 
  custom:video-codec-MediaFoundation-h265: 746d11721c4dcdbdad8f713fa42b33f4 -> 
  custom:video-decoder-ogg-theora: a1e56fd34408186e4bbccfd4996cb3dc -> 
  custom:CustomObjectIndexerAttribute: d54d2f2da18e7612c182cf67624b6b12 -> 
  custom:container-demuxer-webm: 4f35f7cbe854078d1ac9338744f61a02 -> 
  custom:video-encoder-webm-vp8: eb34c28f22e8b96e1ab97ce403110664 -> 
========================================================================
Received Import Request.
  Time since last request: 3191.937321 seconds.
  path: Assets/AI_List_Script/WavUtility.cs
  artifactKey: Guid(1f6bbee6e0e26ee49a212eb09ee667b1) Importer(815301076,1909f56bfc062723c751e8b465ee728b)
Start importing Assets/AI_List_Script/WavUtility.cs using Guid(1f6bbee6e0e26ee49a212eb09ee667b1) Importer(815301076,1909f56bfc062723c751e8b465ee728b)  -> (artifact id: '7d02cfb6cdb421da2ee43b79f23be2e8') in 0.003287 seconds
Number of updated asset objects reloaded before import = 0
Number of asset objects unloaded after import = 0
========================================================================
Received Import Request.
  Time since last request: 22.331848 seconds.
  path: Assets/we/02.Map/AI NPC/Scripts_AI/AudioRecorder.cs
  artifactKey: Guid(27f63fd7df8c596448b0a89403dc0fe9) Importer(815301076,1909f56bfc062723c751e8b465ee728b)
Start importing Assets/we/02.Map/AI NPC/Scripts_AI/AudioRecorder.cs using Guid(27f63fd7df8c596448b0a89403dc0fe9) Importer(815301076,1909f56bfc062723c751e8b465ee728b)  -> (artifact id: 'efbaadeb20b0a0103cd3a6ef281c2cdb') in 0.000799 seconds
Number of updated asset objects reloaded before import = 0
Number of asset objects unloaded after import = 0
========================================================================
Received Import Request.
  Time since last request: 0.349866 seconds.
  path: Assets/we/02.Map/AI NPC/Scripts_AI/SpeechToText.cs
  artifactKey: Guid(c0919eb349e34f849afcc5c7fd9d0c8a) Importer(815301076,1909f56bfc062723c751e8b465ee728b)
Start importing Assets/we/02.Map/AI NPC/Scripts_AI/SpeechToText.cs using Guid(c0919eb349e34f849afcc5c7fd9d0c8a) Importer(815301076,1909f56bfc062723c751e8b465ee728b)  -> (artifact id: '70d3ca7d75ae3b03c7a6f47223608d35') in 0.000494 seconds
Number of updated asset objects reloaded before import = 0
Number of asset objects unloaded after import = 0
========================================================================
Received Import Request.
  Time since last request: 0.271672 seconds.
  path: Assets/we/02.Map/AI NPC/Scripts_AI/TextToSpeech.cs
  artifactKey: Guid(a9e29e4673ef17e428490a02f8db673b) Importer(815301076,1909f56bfc062723c751e8b465ee728b)
Start importing Assets/we/02.Map/AI NPC/Scripts_AI/TextToSpeech.cs using Guid(a9e29e4673ef17e428490a02f8db673b) Importer(815301076,1909f56bfc062723c751e8b465ee728b)  -> (artifact id: 'd5aea1a562da30bd3100989673950b46') in 0.000659 seconds
Number of updated asset objects reloaded before import = 0
Number of asset objects unloaded after import = 0
========================================================================
Received Import Request.
  Time since last request: 1.222011 seconds.
  path: Assets/AI_List_Script/AIDesignerUIManager.cs
  artifactKey: Guid(7957479c7316fba4782b3a42b408ef4b) Importer(815301076,1909f56bfc062723c751e8b465ee728b)
Start importing Assets/AI_List_Script/AIDesignerUIManager.cs using Guid(7957479c7316fba4782b3a42b408ef4b) Importer(815301076,1909f56bfc062723c751e8b465ee728b)  -> (artifact id: '1dff0447e5e50a17f8b35a8192ef34a8') in 0.000689 seconds
Number of updated asset objects reloaded before import = 0
Number of asset objects unloaded after import = 0
========================================================================
Received Import Request.
  Time since last request: 0.628298 seconds.
  path: Assets/AI_List_Script/AudioManager.cs
  artifactKey: Guid(3c28e1a4c8553df4388da10c85ea5a82) Importer(815301076,1909f56bfc062723c751e8b465ee728b)
Start importing Assets/AI_List_Script/AudioManager.cs using Guid(3c28e1a4c8553df4388da10c85ea5a82) Importer(815301076,1909f56bfc062723c751e8b465ee728b)  -> (artifact id: '6e1a082001754496dd62cc86236c06f1') in 0.000499 seconds
Number of updated asset objects reloaded before import = 0
Number of asset objects unloaded after import = 0
========================================================================
Received Import Request.
  Time since last request: 0.293486 seconds.
  path: Assets/AI_List_Script/DialogueUI.cs
  artifactKey: Guid(591cb736084d07e4d8d4bb36d961a34f) Importer(815301076,1909f56bfc062723c751e8b465ee728b)
Start importing Assets/AI_List_Script/DialogueUI.cs using Guid(591cb736084d07e4d8d4bb36d961a34f) Importer(815301076,1909f56bfc062723c751e8b465ee728b)  -> (artifact id: 'fc838dc8808927f251d221e2fd72e1f2') in 0.000842 seconds
Number of updated asset objects reloaded before import = 0
Number of asset objects unloaded after import = 0
========================================================================
Received Import Request.
  Time since last request: 82.273877 seconds.
  path: Assets/AI_List_Script/WavUtility1.cs
  artifactKey: Guid(1f6bbee6e0e26ee49a212eb09ee667b1) Importer(815301076,1909f56bfc062723c751e8b465ee728b)
Start importing Assets/AI_List_Script/WavUtility1.cs using Guid(1f6bbee6e0e26ee49a212eb09ee667b1) Importer(815301076,1909f56bfc062723c751e8b465ee728b)  -> (artifact id: '195a9190cfb4d8dbda127dde8e9e417f') in 0.000781 seconds
Number of updated asset objects reloaded before import = 0
Number of asset objects unloaded after import = 0
========================================================================
Received Import Request.
  Time since last request: 13.902155 seconds.
  path: Assets/AI_List_Script/WavUtility.cs
  artifactKey: Guid(dbb65ebabdd63184bbfc563b8a79f45a) Importer(815301076,1909f56bfc062723c751e8b465ee728b)
Start importing Assets/AI_List_Script/WavUtility.cs using Guid(dbb65ebabdd63184bbfc563b8a79f45a) Importer(815301076,1909f56bfc062723c751e8b465ee728b)  -> (artifact id: 'dd49177d4c7483f564a310c50c5c7ccb') in 0.000572 seconds
Number of updated asset objects reloaded before import = 0
Number of asset objects unloaded after import = 0
========================================================================
Received Import Request.
  Time since last request: 35.242126 seconds.
  path: Assets/AI_List_Script/WavUtility1.cs
  artifactKey: Guid(dbb65ebabdd63184bbfc563b8a79f45a) Importer(815301076,1909f56bfc062723c751e8b465ee728b)
Start importing Assets/AI_List_Script/WavUtility1.cs using Guid(dbb65ebabdd63184bbfc563b8a79f45a) Importer(815301076,1909f56bfc062723c751e8b465ee728b)  -> (artifact id: 'f9e69c4cf9bf831d495634026bf83691') in 0.000508 seconds
Number of updated asset objects reloaded before import = 0
Number of asset objects unloaded after import = 0
========================================================================
Received Import Request.
  Time since last request: 0.001703 seconds.
  path: Assets/Oculus
  artifactKey: Guid(cbaefc91aab853640997657394e6300d) Importer(815301076,1909f56bfc062723c751e8b465ee728b)
Start importing Assets/Oculus using Guid(cbaefc91aab853640997657394e6300d) Importer(815301076,1909f56bfc062723c751e8b465ee728b)  -> (artifact id: 'c133460f5239cf3dc139173eb8fa34f9') in 0.000644 seconds
Number of updated asset objects reloaded before import = 0
Number of asset objects unloaded after import = 0
========================================================================
Received Import Request.
  Time since last request: 395.443052 seconds.
  path: Assets/we/02.Map/AI NPC/AINPCtest.unity
  artifactKey: Guid(ed710e094e5dbe1429d23846544bc435) Importer(815301076,1909f56bfc062723c751e8b465ee728b)
Start importing Assets/we/02.Map/AI NPC/AINPCtest.unity using Guid(ed710e094e5dbe1429d23846544bc435) Importer(815301076,1909f56bfc062723c751e8b465ee728b)  -> (artifact id: '1366b62c8c4f0f02c3ea42d94cf151ee') in 0.000724 seconds
Number of updated asset objects reloaded before import = 0
Number of asset objects unloaded after import = 0
========================================================================
Received Import Request.
  Time since last request: 407.641054 seconds.
  path: Assets/AI_List_Script/AIDesignerUIManager.cs
  artifactKey: Guid(7957479c7316fba4782b3a42b408ef4b) Importer(815301076,1909f56bfc062723c751e8b465ee728b)
Start importing Assets/AI_List_Script/AIDesignerUIManager.cs using Guid(7957479c7316fba4782b3a42b408ef4b) Importer(815301076,1909f56bfc062723c751e8b465ee728b)  -> (artifact id: '6abcedbe119921025b64c29738c57b50') in 0.000741 seconds
Number of updated asset objects reloaded before import = 0
Number of asset objects unloaded after import = 0
========================================================================
Received Import Request.
  Time since last request: 33.016765 seconds.
  path: Assets/we/02.Map/AI NPC/Scripts_AI/TextProcesser.cs
  artifactKey: Guid(910743249d0928f4a8295fdd221215dd) Importer(815301076,1909f56bfc062723c751e8b465ee728b)
Start importing Assets/we/02.Map/AI NPC/Scripts_AI/TextProcesser.cs using Guid(910743249d0928f4a8295fdd221215dd) Importer(815301076,1909f56bfc062723c751e8b465ee728b)  -> (artifact id: 'a5b688bc0b849e8e32698638a19ed05b') in 0.000777 seconds
Number of updated asset objects reloaded before import = 0
Number of asset objects unloaded after import = 0
========================================================================
Received Prepare
Begin MonoManager ReloadAssembly
Symbol file LoadedFromMemory is not a mono symbol file
Symbol file LoadedFromMemory is not a mono symbol file
Assembly 'Assets/we/02.Map/Tutorial_map/DB/ExternalDependencyManager/Editor/1.2.183/Google.IOSResolver.dll' will not be loaded due to errors:
Unable to resolve reference 'UnityEditor.iOS.Extensions.Xcode'. Is the assembly missing or incompatible with the current platform?
Reference validation can be disabled in the Plugin Inspector.
Symbol file LoadedFromMemory is not a mono symbol file
Symbol file LoadedFromMemory is not a mono symbol file
Symbol file LoadedFromMemory is not a mono symbol file
Symbol file LoadedFromMemory is not a mono symbol file
Symbol file LoadedFromMemory is not a mono symbol file
Assembly 'Assets/we/02.Map/Tutorial_map/DB/Firebase/Editor/Firebase.Editor.dll' will not be loaded due to errors:
Unable to resolve reference 'UnityEditor.iOS.Extensions.Xcode'. Is the assembly missing or incompatible with the current platform?
Reference validation can be disabled in the Plugin Inspector.
- Loaded All Assemblies, in  0.613 seconds
Refreshing native plugins compatible for Editor in 19.03 ms, found 20 plugins.
Native extension for WindowsStandalone target not found
Native extension for Android target not found
[Package Manager] Server::EnsureServerProcessIsRunning -- launch failed, reason: Unity was launched with the -noUpm command-line argument
[Package Manager] UpmClient::Send -- Unable to send message (not connected to UPM process).
[Package Manager] Cannot connect to Unity Package Manager local server
[Package Manager] Server::EnsureServerProcessIsRunning -- launch failed, reason: Unity was launched with the -noUpm command-line argument
[Package Manager] UpmClient::Send -- Unable to send message (not connected to UPM process).
[Package Manager] Cannot connect to Unity Package Manager local server
Mono: successfully reloaded assembly
[Package Manager] Server::EnsureServerProcessIsRunning -- launch failed, reason: Unity was launched with the -noUpm command-line argument
[Package Manager] UpmClient::Send -- Unable to send message (not connected to UPM process).
[Package Manager] Cannot connect to Unity Package Manager local server
- Finished resetting the current domain, in  1.216 seconds
Domain Reload Profiling: 1826ms
	BeginReloadAssembly (156ms)
		ExecutionOrderSort (0ms)
		DisableScriptedObjects (3ms)
		BackupInstance (0ms)
		ReleaseScriptingObjects (0ms)
		CreateAndSetChildDomain (47ms)
	RebuildCommonClasses (30ms)
	RebuildNativeTypeToScriptingClass (9ms)
	initialDomainReloadingComplete (30ms)
	LoadAllAssembliesAndSetupDomain (383ms)
		LoadAssemblies (362ms)
		RebuildTransferFunctionScriptingTraits (0ms)
		AnalyzeDomain (93ms)
			TypeCache.Refresh (16ms)
				TypeCache.ScanAssembly (4ms)
			ScanForSourceGeneratedMonoScriptInfo (48ms)
			ResolveRequiredComponents (28ms)
	FinalizeReload (1217ms)
		ReleaseScriptCaches (0ms)
		RebuildScriptCaches (0ms)
		SetupLoadedEditorAssemblies (543ms)
			LogAssemblyErrors (0ms)
			InitializePlatformSupportModulesInManaged (20ms)
			SetLoadedEditorAssemblies (4ms)
			RefreshPlugins (0ms)
			BeforeProcessingInitializeOnLoad (110ms)
			ProcessInitializeOnLoadAttributes (343ms)
			ProcessInitializeOnLoadMethodAttributes (61ms)
			AfterProcessingInitializeOnLoad (4ms)
			EditorAssembliesLoaded (1ms)
		ExecutionOrderSort2 (0ms)
		AwakeInstancesAfterBackupRestoration (17ms)
Shader 'Oculus/OVRMRCameraFrameLit': fallback shader 'Alpha-Diffuse' not found
Refreshing native plugins compatible for Editor in 23.60 ms, found 20 plugins.
Preloading 2 native plugins for Editor in 0.16 ms.
Unloading 9255 Unused Serialized files (Serialized files now loaded: 0)
Unloading 163 unused Assets / (3.1 MB). Loaded Objects now: 9957.
Memory consumption went from 326.3 MB to 323.2 MB.
Total: 8.700600 ms (FindLiveObjects: 0.749700 ms CreateObjectMapping: 0.713100 ms MarkObjects: 5.582900 ms  DeleteObjects: 1.652800 ms)

Prepare: number of updated asset objects reloaded= 0
AssetImportParameters requested are different than current active one (requested -> active):
  custom:container-demuxer-ogg: 62fdf1f143b41e24485cea50d1cbac27 -> 
  custom:framework-win-MediaFoundation: 216162199b28c13a410421893ffa2e32 -> 
  custom:container-muxer-webm: aa71ff27fc2769a1b78a27578f13a17b -> 
  custom:video-decoder-webm-vp8: 9c59270c3fd7afecdb556c50c9e8de78 -> 
  custom:SearchIndexIgnoredProperties: e643bd26f0fe6173181afceb89e7c659 -> 
  custom:AudioImporter_EditorPlatform: d09bf68614088b80899f8185d706f6e7 -> 
  custom:audio-decoder-ogg-vorbis: bf7c407c2cedff20999df2af8eb42d56 -> 
  custom:audio-encoder-webm-vorbis: bf7c407c2cedff20999df2af8eb42d56 -> 
  custom:video-codec-MediaFoundation-h265: 746d11721c4dcdbdad8f713fa42b33f4 -> 
  custom:video-decoder-ogg-theora: a1e56fd34408186e4bbccfd4996cb3dc -> 
  custom:CustomObjectIndexerAttribute: d54d2f2da18e7612c182cf67624b6b12 -> 
  custom:container-demuxer-webm: 4f35f7cbe854078d1ac9338744f61a02 -> 
  custom:video-encoder-webm-vp8: eb34c28f22e8b96e1ab97ce403110664 -> 
========================================================================
Received Prepare
Begin MonoManager ReloadAssembly
Symbol file LoadedFromMemory is not a mono symbol file
Symbol file LoadedFromMemory is not a mono symbol file
Assembly 'Assets/we/02.Map/Tutorial_map/DB/ExternalDependencyManager/Editor/1.2.183/Google.IOSResolver.dll' will not be loaded due to errors:
Unable to resolve reference 'UnityEditor.iOS.Extensions.Xcode'. Is the assembly missing or incompatible with the current platform?
Reference validation can be disabled in the Plugin Inspector.
Symbol file LoadedFromMemory is not a mono symbol file
Symbol file LoadedFromMemory is not a mono symbol file
Symbol file LoadedFromMemory is not a mono symbol file
Symbol file LoadedFromMemory is not a mono symbol file
Symbol file LoadedFromMemory is not a mono symbol file
Assembly 'Assets/we/02.Map/Tutorial_map/DB/Firebase/Editor/Firebase.Editor.dll' will not be loaded due to errors:
Unable to resolve reference 'UnityEditor.iOS.Extensions.Xcode'. Is the assembly missing or incompatible with the current platform?
Reference validation can be disabled in the Plugin Inspector.
- Loaded All Assemblies, in  0.505 seconds
Refreshing native plugins compatible for Editor in 18.60 ms, found 20 plugins.
Native extension for WindowsStandalone target not found
Native extension for Android target not found
[Package Manager] Server::EnsureServerProcessIsRunning -- launch failed, reason: Unity was launched with the -noUpm command-line argument
[Package Manager] UpmClient::Send -- Unable to send message (not connected to UPM process).
[Package Manager] Cannot connect to Unity Package Manager local server
[Package Manager] Server::EnsureServerProcessIsRunning -- launch failed, reason: Unity was launched with the -noUpm command-line argument
[Package Manager] UpmClient::Send -- Unable to send message (not connected to UPM process).
[Package Manager] Cannot connect to Unity Package Manager local server
Mono: successfully reloaded assembly
[Package Manager] Server::EnsureServerProcessIsRunning -- launch failed, reason: Unity was launched with the -noUpm command-line argument
[Package Manager] UpmClient::Send -- Unable to send message (not connected to UPM process).
[Package Manager] Cannot connect to Unity Package Manager local server
- Finished resetting the current domain, in  1.301 seconds
Domain Reload Profiling: 1802ms
	BeginReloadAssembly (147ms)
		ExecutionOrderSort (0ms)
		DisableScriptedObjects (4ms)
		BackupInstance (0ms)
		ReleaseScriptingObjects (0ms)
		CreateAndSetChildDomain (45ms)
	RebuildCommonClasses (25ms)
	RebuildNativeTypeToScriptingClass (10ms)
	initialDomainReloadingComplete (31ms)
	LoadAllAssembliesAndSetupDomain (288ms)
		LoadAssemblies (326ms)
		RebuildTransferFunctionScriptingTraits (0ms)
		AnalyzeDomain (30ms)
			TypeCache.Refresh (7ms)
				TypeCache.ScanAssembly (0ms)
			ScanForSourceGeneratedMonoScriptInfo (0ms)
			ResolveRequiredComponents (21ms)
	FinalizeReload (1302ms)
		ReleaseScriptCaches (0ms)
		RebuildScriptCaches (0ms)
		SetupLoadedEditorAssemblies (574ms)
			LogAssemblyErrors (0ms)
			InitializePlatformSupportModulesInManaged (22ms)
			SetLoadedEditorAssemblies (7ms)
			RefreshPlugins (0ms)
			BeforeProcessingInitializeOnLoad (103ms)
			ProcessInitializeOnLoadAttributes (362ms)
			ProcessInitializeOnLoadMethodAttributes (75ms)
			AfterProcessingInitializeOnLoad (4ms)
			EditorAssembliesLoaded (1ms)
		ExecutionOrderSort2 (0ms)
		AwakeInstancesAfterBackupRestoration (19ms)
Shader 'Oculus/OVRMRCameraFrameLit': fallback shader 'Alpha-Diffuse' not found
Refreshing native plugins compatible for Editor in 38.63 ms, found 20 plugins.
Preloading 2 native plugins for Editor in 0.18 ms.
Unloading 9255 Unused Serialized files (Serialized files now loaded: 0)
Unloading 163 unused Assets / (3.1 MB). Loaded Objects now: 9962.
Memory consumption went from 328.3 MB to 325.2 MB.
Total: 12.565600 ms (FindLiveObjects: 0.772600 ms CreateObjectMapping: 1.207100 ms MarkObjects: 7.414800 ms  DeleteObjects: 3.169700 ms)

Prepare: number of updated asset objects reloaded= 0
AssetImportParameters requested are different than current active one (requested -> active):
  custom:container-demuxer-ogg: 62fdf1f143b41e24485cea50d1cbac27 -> 
  custom:framework-win-MediaFoundation: 216162199b28c13a410421893ffa2e32 -> 
  custom:container-muxer-webm: aa71ff27fc2769a1b78a27578f13a17b -> 
  custom:video-decoder-webm-vp8: 9c59270c3fd7afecdb556c50c9e8de78 -> 
  custom:SearchIndexIgnoredProperties: e643bd26f0fe6173181afceb89e7c659 -> 
  custom:AudioImporter_EditorPlatform: d09bf68614088b80899f8185d706f6e7 -> 
  custom:audio-decoder-ogg-vorbis: bf7c407c2cedff20999df2af8eb42d56 -> 
  custom:audio-encoder-webm-vorbis: bf7c407c2cedff20999df2af8eb42d56 -> 
  custom:video-codec-MediaFoundation-h265: 746d11721c4dcdbdad8f713fa42b33f4 -> 
  custom:video-decoder-ogg-theora: a1e56fd34408186e4bbccfd4996cb3dc -> 
  custom:CustomObjectIndexerAttribute: d54d2f2da18e7612c182cf67624b6b12 -> 
  custom:container-demuxer-webm: 4f35f7cbe854078d1ac9338744f61a02 -> 
  custom:video-encoder-webm-vp8: eb34c28f22e8b96e1ab97ce403110664 -> 
========================================================================
Received Import Request.
  Time since last request: 178.708613 seconds.
  path: Assets/AI_List_Script/DialogueUI.cs
  artifactKey: Guid(591cb736084d07e4d8d4bb36d961a34f) Importer(815301076,1909f56bfc062723c751e8b465ee728b)
Start importing Assets/AI_List_Script/DialogueUI.cs using Guid(591cb736084d07e4d8d4bb36d961a34f) Importer(815301076,1909f56bfc062723c751e8b465ee728b)  -> (artifact id: '955eb95d8dc10cb8976beaa18db79629') in 0.002090 seconds
Number of updated asset objects reloaded before import = 0
Number of asset objects unloaded after import = 0
========================================================================
Received Import Request.
  Time since last request: 100.490711 seconds.
  path: Assets/Scenes/AI_List_Scene.unity
  artifactKey: Guid(fa482c6370e483740a87fe357f209b8d) Importer(815301076,1909f56bfc062723c751e8b465ee728b)
Start importing Assets/Scenes/AI_List_Scene.unity using Guid(fa482c6370e483740a87fe357f209b8d) Importer(815301076,1909f56bfc062723c751e8b465ee728b)  -> (artifact id: '3b8802735ccaf0bd60ae1bee7c38b340') in 0.000723 seconds
Number of updated asset objects reloaded before import = 0
Number of asset objects unloaded after import = 0
========================================================================
Received Import Request.
  Time since last request: 22.833267 seconds.
  path: Assets/we/02.Map/AI NPC/AINPCtest1.unity
  artifactKey: Guid(ed710e094e5dbe1429d23846544bc435) Importer(815301076,1909f56bfc062723c751e8b465ee728b)
Start importing Assets/we/02.Map/AI NPC/AINPCtest1.unity using Guid(ed710e094e5dbe1429d23846544bc435) Importer(815301076,1909f56bfc062723c751e8b465ee728b)  -> (artifact id: '2eec4f697522a3b7b92fcaf32f3fa785') in 0.000730 seconds
Number of updated asset objects reloaded before import = 0
Number of asset objects unloaded after import = 0
========================================================================
Received Import Request.
  Time since last request: 50.865806 seconds.
  path: Assets/Scenes/AINPCtest.unity
  artifactKey: Guid(144ba2b13f4ca46449837a1d0294ad2a) Importer(815301076,1909f56bfc062723c751e8b465ee728b)
Start importing Assets/Scenes/AINPCtest.unity using Guid(144ba2b13f4ca46449837a1d0294ad2a) Importer(815301076,1909f56bfc062723c751e8b465ee728b)  -> (artifact id: '17290690936696dfc11803bb8f54b28e') in 0.000620 seconds
Number of updated asset objects reloaded before import = 0
Number of asset objects unloaded after import = 0
========================================================================
Received Prepare
Begin MonoManager ReloadAssembly
Symbol file LoadedFromMemory is not a mono symbol file
Symbol file LoadedFromMemory is not a mono symbol file
Assembly 'Assets/we/02.Map/Tutorial_map/DB/ExternalDependencyManager/Editor/1.2.183/Google.IOSResolver.dll' will not be loaded due to errors:
Unable to resolve reference 'UnityEditor.iOS.Extensions.Xcode'. Is the assembly missing or incompatible with the current platform?
Reference validation can be disabled in the Plugin Inspector.
Symbol file LoadedFromMemory is not a mono symbol file
Symbol file LoadedFromMemory is not a mono symbol file
Symbol file LoadedFromMemory is not a mono symbol file
Symbol file LoadedFromMemory is not a mono symbol file
Symbol file LoadedFromMemory is not a mono symbol file
Assembly 'Assets/we/02.Map/Tutorial_map/DB/Firebase/Editor/Firebase.Editor.dll' will not be loaded due to errors:
Unable to resolve reference 'UnityEditor.iOS.Extensions.Xcode'. Is the assembly missing or incompatible with the current platform?
Reference validation can be disabled in the Plugin Inspector.
- Loaded All Assemblies, in  0.536 seconds
Refreshing native plugins compatible for Editor in 17.84 ms, found 20 plugins.
Native extension for WindowsStandalone target not found
Native extension for Android target not found
[Package Manager] Server::EnsureServerProcessIsRunning -- launch failed, reason: Unity was launched with the -noUpm command-line argument
[Package Manager] UpmClient::Send -- Unable to send message (not connected to UPM process).
[Package Manager] Cannot connect to Unity Package Manager local server
[Package Manager] Server::EnsureServerProcessIsRunning -- launch failed, reason: Unity was launched with the -noUpm command-line argument
[Package Manager] UpmClient::Send -- Unable to send message (not connected to UPM process).
[Package Manager] Cannot connect to Unity Package Manager local server
Mono: successfully reloaded assembly
[Package Manager] Server::EnsureServerProcessIsRunning -- launch failed, reason: Unity was launched with the -noUpm command-line argument
[Package Manager] UpmClient::Send -- Unable to send message (not connected to UPM process).
[Package Manager] Cannot connect to Unity Package Manager local server
- Finished resetting the current domain, in  1.315 seconds
Domain Reload Profiling: 1847ms
	BeginReloadAssembly (151ms)
		ExecutionOrderSort (0ms)
		DisableScriptedObjects (3ms)
		BackupInstance (0ms)
		ReleaseScriptingObjects (0ms)
		CreateAndSetChildDomain (54ms)
	RebuildCommonClasses (24ms)
	RebuildNativeTypeToScriptingClass (12ms)
	initialDomainReloadingComplete (27ms)
	LoadAllAssembliesAndSetupDomain (317ms)
		LoadAssemblies (341ms)
		RebuildTransferFunctionScriptingTraits (0ms)
		AnalyzeDomain (38ms)
			TypeCache.Refresh (9ms)
				TypeCache.ScanAssembly (0ms)
			ScanForSourceGeneratedMonoScriptInfo (0ms)
			ResolveRequiredComponents (27ms)
	FinalizeReload (1316ms)
		ReleaseScriptCaches (0ms)
		RebuildScriptCaches (0ms)
		SetupLoadedEditorAssemblies (596ms)
			LogAssemblyErrors (0ms)
			InitializePlatformSupportModulesInManaged (19ms)
			SetLoadedEditorAssemblies (6ms)
			RefreshPlugins (0ms)
			BeforeProcessingInitializeOnLoad (116ms)
			ProcessInitializeOnLoadAttributes (369ms)
			ProcessInitializeOnLoadMethodAttributes (80ms)
			AfterProcessingInitializeOnLoad (6ms)
			EditorAssembliesLoaded (1ms)
		ExecutionOrderSort2 (0ms)
		AwakeInstancesAfterBackupRestoration (20ms)
Shader 'Oculus/OVRMRCameraFrameLit': fallback shader 'Alpha-Diffuse' not found
Refreshing native plugins compatible for Editor in 30.06 ms, found 20 plugins.
Preloading 2 native plugins for Editor in 0.23 ms.
Unloading 9255 Unused Serialized files (Serialized files now loaded: 0)
Unloading 163 unused Assets / (3.1 MB). Loaded Objects now: 9967.
Memory consumption went from 330.3 MB to 327.1 MB.
Total: 10.209400 ms (FindLiveObjects: 1.084000 ms CreateObjectMapping: 0.980800 ms MarkObjects: 5.881400 ms  DeleteObjects: 2.261700 ms)

Prepare: number of updated asset objects reloaded= 0
AssetImportParameters requested are different than current active one (requested -> active):
  custom:container-demuxer-ogg: 62fdf1f143b41e24485cea50d1cbac27 -> 
  custom:framework-win-MediaFoundation: 216162199b28c13a410421893ffa2e32 -> 
  custom:container-muxer-webm: aa71ff27fc2769a1b78a27578f13a17b -> 
  custom:video-decoder-webm-vp8: 9c59270c3fd7afecdb556c50c9e8de78 -> 
  custom:SearchIndexIgnoredProperties: e643bd26f0fe6173181afceb89e7c659 -> 
  custom:AudioImporter_EditorPlatform: d09bf68614088b80899f8185d706f6e7 -> 
  custom:audio-decoder-ogg-vorbis: bf7c407c2cedff20999df2af8eb42d56 -> 
  custom:audio-encoder-webm-vorbis: bf7c407c2cedff20999df2af8eb42d56 -> 
  custom:video-codec-MediaFoundation-h265: 746d11721c4dcdbdad8f713fa42b33f4 -> 
  custom:video-decoder-ogg-theora: a1e56fd34408186e4bbccfd4996cb3dc -> 
  custom:CustomObjectIndexerAttribute: d54d2f2da18e7612c182cf67624b6b12 -> 
  custom:container-demuxer-webm: 4f35f7cbe854078d1ac9338744f61a02 -> 
  custom:video-encoder-webm-vp8: eb34c28f22e8b96e1ab97ce403110664 -> 
========================================================================
Received Import Request.
  Time since last request: 267.868762 seconds.
  path: Assets/we/02.Map/Tutorial_map/TextMesh Pro/Fonts/NotoSansKR-Black SDF.asset
  artifactKey: Guid(a0c7dda158241184187a2592243e1563) Importer(815301076,1909f56bfc062723c751e8b465ee728b)
Start importing Assets/we/02.Map/Tutorial_map/TextMesh Pro/Fonts/NotoSansKR-Black SDF.asset using Guid(a0c7dda158241184187a2592243e1563) Importer(815301076,1909f56bfc062723c751e8b465ee728b) Shader error in 'TextMeshPro/Distance Field': Couldn't open include file 'TMPro_Properties.cginc'. at line 126
Shader error in 'TextMeshPro/Distance Field': Couldn't open include file 'TMPro_Properties.cginc'. at line 126
 -> (artifact id: 'ef5a019d498e1c66c710ceb76f521767') in 0.402706 seconds
Number of updated asset objects reloaded before import = 0
Number of asset objects unloaded after import = 26
========================================================================
Received Prepare
Begin MonoManager ReloadAssembly
Symbol file LoadedFromMemory is not a mono symbol file
Symbol file LoadedFromMemory is not a mono symbol file
Assembly 'Assets/we/02.Map/Tutorial_map/DB/ExternalDependencyManager/Editor/1.2.183/Google.IOSResolver.dll' will not be loaded due to errors:
Unable to resolve reference 'UnityEditor.iOS.Extensions.Xcode'. Is the assembly missing or incompatible with the current platform?
Reference validation can be disabled in the Plugin Inspector.
Symbol file LoadedFromMemory is not a mono symbol file
Symbol file LoadedFromMemory is not a mono symbol file
Symbol file LoadedFromMemory is not a mono symbol file
Symbol file LoadedFromMemory is not a mono symbol file
Symbol file LoadedFromMemory is not a mono symbol file
Assembly 'Assets/we/02.Map/Tutorial_map/DB/Firebase/Editor/Firebase.Editor.dll' will not be loaded due to errors:
Unable to resolve reference 'UnityEditor.iOS.Extensions.Xcode'. Is the assembly missing or incompatible with the current platform?
Reference validation can be disabled in the Plugin Inspector.
- Loaded All Assemblies, in  0.554 seconds
Refreshing native plugins compatible for Editor in 16.12 ms, found 20 plugins.
Native extension for WindowsStandalone target not found
Native extension for Android target not found
[Package Manager] Server::EnsureServerProcessIsRunning -- launch failed, reason: Unity was launched with the -noUpm command-line argument
[Package Manager] UpmClient::Send -- Unable to send message (not connected to UPM process).
[Package Manager] Cannot connect to Unity Package Manager local server
[Package Manager] Server::EnsureServerProcessIsRunning -- launch failed, reason: Unity was launched with the -noUpm command-line argument
[Package Manager] UpmClient::Send -- Unable to send message (not connected to UPM process).
[Package Manager] Cannot connect to Unity Package Manager local server
Mono: successfully reloaded assembly
[Package Manager] Server::EnsureServerProcessIsRunning -- launch failed, reason: Unity was launched with the -noUpm command-line argument
[Package Manager] UpmClient::Send -- Unable to send message (not connected to UPM process).
[Package Manager] Cannot connect to Unity Package Manager local server
- Finished resetting the current domain, in  1.290 seconds
Domain Reload Profiling: 1842ms
	BeginReloadAssembly (162ms)
		ExecutionOrderSort (0ms)
		DisableScriptedObjects (8ms)
		BackupInstance (0ms)
		ReleaseScriptingObjects (0ms)
		CreateAndSetChildDomain (59ms)
	RebuildCommonClasses (27ms)
	RebuildNativeTypeToScriptingClass (11ms)
	initialDomainReloadingComplete (30ms)
	LoadAllAssembliesAndSetupDomain (321ms)
		LoadAssemblies (348ms)
		RebuildTransferFunctionScriptingTraits (0ms)
		AnalyzeDomain (38ms)
			TypeCache.Refresh (8ms)
				TypeCache.ScanAssembly (0ms)
			ScanForSourceGeneratedMonoScriptInfo (0ms)
			ResolveRequiredComponents (28ms)
	FinalizeReload (1290ms)
		ReleaseScriptCaches (0ms)
		RebuildScriptCaches (0ms)
		SetupLoadedEditorAssemblies (556ms)
			LogAssemblyErrors (0ms)
			InitializePlatformSupportModulesInManaged (19ms)
			SetLoadedEditorAssemblies (5ms)
			RefreshPlugins (0ms)
			BeforeProcessingInitializeOnLoad (109ms)
			ProcessInitializeOnLoadAttributes (352ms)
			ProcessInitializeOnLoadMethodAttributes (66ms)
			AfterProcessingInitializeOnLoad (4ms)
			EditorAssembliesLoaded (1ms)
		ExecutionOrderSort2 (0ms)
		AwakeInstancesAfterBackupRestoration (18ms)
Shader 'Oculus/OVRMRCameraFrameLit': fallback shader 'Alpha-Diffuse' not found
Refreshing native plugins compatible for Editor in 35.17 ms, found 20 plugins.
Preloading 2 native plugins for Editor in 0.35 ms.
Unloading 9255 Unused Serialized files (Serialized files now loaded: 0)
Unloading 163 unused Assets / (3.1 MB). Loaded Objects now: 10053.
Memory consumption went from 333.0 MB to 329.9 MB.
Total: 11.959000 ms (FindLiveObjects: 0.889800 ms CreateObjectMapping: 0.626000 ms MarkObjects: 6.952900 ms  DeleteObjects: 3.488100 ms)

Prepare: number of updated asset objects reloaded= 0
AssetImportParameters requested are different than current active one (requested -> active):
  custom:container-demuxer-ogg: 62fdf1f143b41e24485cea50d1cbac27 -> 
  custom:framework-win-MediaFoundation: 216162199b28c13a410421893ffa2e32 -> 
  custom:container-muxer-webm: aa71ff27fc2769a1b78a27578f13a17b -> 
  custom:video-decoder-webm-vp8: 9c59270c3fd7afecdb556c50c9e8de78 -> 
  custom:SearchIndexIgnoredProperties: e643bd26f0fe6173181afceb89e7c659 -> 
  custom:AudioImporter_EditorPlatform: d09bf68614088b80899f8185d706f6e7 -> 
  custom:audio-decoder-ogg-vorbis: bf7c407c2cedff20999df2af8eb42d56 -> 
  custom:audio-encoder-webm-vorbis: bf7c407c2cedff20999df2af8eb42d56 -> 
  custom:video-codec-MediaFoundation-h265: 746d11721c4dcdbdad8f713fa42b33f4 -> 
  custom:video-decoder-ogg-theora: a1e56fd34408186e4bbccfd4996cb3dc -> 
  custom:CustomObjectIndexerAttribute: d54d2f2da18e7612c182cf67624b6b12 -> 
  custom:container-demuxer-webm: 4f35f7cbe854078d1ac9338744f61a02 -> 
  custom:video-encoder-webm-vp8: eb34c28f22e8b96e1ab97ce403110664 -> 
========================================================================
Received Import Request.
  Time since last request: 134.458186 seconds.
  path: Assets/we/02.Map/Tutorial_map/TextMesh Pro/Fonts/LiberationSans - OFL.txt
  artifactKey: Guid(6e59c59b81ab47f9b6ec5781fa725d2c) Importer(815301076,1909f56bfc062723c751e8b465ee728b)
Start importing Assets/we/02.Map/Tutorial_map/TextMesh Pro/Fonts/LiberationSans - OFL.txt using Guid(6e59c59b81ab47f9b6ec5781fa725d2c) Importer(815301076,1909f56bfc062723c751e8b465ee728b)  -> (artifact id: '53eaeab1280c88ae65dbee55fd655e43') in 0.029638 seconds
Number of updated asset objects reloaded before import = 0
Number of asset objects unloaded after import = 1
========================================================================
Received Import Request.
  Time since last request: 4.970339 seconds.
  path: Assets/we/02.Map/Tutorial_map/TextMesh Pro/Fonts
  artifactKey: Guid(6ab70aee4d56447429c680537fbf93ed) Importer(815301076,1909f56bfc062723c751e8b465ee728b)
Start importing Assets/we/02.Map/Tutorial_map/TextMesh Pro/Fonts using Guid(6ab70aee4d56447429c680537fbf93ed) Importer(815301076,1909f56bfc062723c751e8b465ee728b)  -> (artifact id: '25524e152126d39616bdb6d7e34b8aa6') in 0.000487 seconds
Number of updated asset objects reloaded before import = 0
Number of asset objects unloaded after import = 0
========================================================================
Received Import Request.
  Time since last request: 0.640341 seconds.
  path: Assets/we/02.Map/Tutorial_map/TextMesh Pro/Fonts/NotoSansKR-Black.ttf
  artifactKey: Guid(d51d8e5d2839f544cabfab811608d174) Importer(815301076,1909f56bfc062723c751e8b465ee728b)
Start importing Assets/we/02.Map/Tutorial_map/TextMesh Pro/Fonts/NotoSansKR-Black.ttf using Guid(d51d8e5d2839f544cabfab811608d174) Importer(815301076,1909f56bfc062723c751e8b465ee728b)  -> (artifact id: 'fdccaf27f843b8732618fa768e7945af') in 0.208030 seconds
Number of updated asset objects reloaded before import = 0
Number of asset objects unloaded after import = 23
========================================================================
Received Import Request.
  Time since last request: 14.706138 seconds.
  path: Assets/Oculus/Interaction/Samples/Fonts
  artifactKey: Guid(611cfa2db17577b4b9877b52636cdbc2) Importer(815301076,1909f56bfc062723c751e8b465ee728b)
Start importing Assets/Oculus/Interaction/Samples/Fonts using Guid(611cfa2db17577b4b9877b52636cdbc2) Importer(815301076,1909f56bfc062723c751e8b465ee728b)  -> (artifact id: '2fc43ca5bc4b96eb0e285d66d2e89cd3') in 0.000821 seconds
Number of updated asset objects reloaded before import = 0
Number of asset objects unloaded after import = 0
========================================================================
Received Import Request.
  Time since last request: 17.916199 seconds.
  path: Assets/Oculus/Interaction/Samples/Fonts/Roboto-Bold SDF.asset
  artifactKey: Guid(a6446991ef31ced4190c53c206cf4b3e) Importer(815301076,1909f56bfc062723c751e8b465ee728b)
Start importing Assets/Oculus/Interaction/Samples/Fonts/Roboto-Bold SDF.asset using Guid(a6446991ef31ced4190c53c206cf4b3e) Importer(815301076,1909f56bfc062723c751e8b465ee728b) Shader error in 'TextMeshPro/Distance Field': Couldn't open include file 'TMPro_Properties.cginc'. at line 126
Shader error in 'TextMeshPro/Distance Field': Couldn't open include file 'TMPro_Properties.cginc'. at line 126
 -> (artifact id: '92e3dd30a504390cf94873afaa6270a6') in 0.037086 seconds
Number of updated asset objects reloaded before import = 0
Number of asset objects unloaded after import = 6
========================================================================
Received Import Request.
  Time since last request: 0.835962 seconds.
  path: Assets/Oculus/Interaction/Samples/Fonts/Roboto-Medium SDF.asset
  artifactKey: Guid(b8f5aeb9c6de7614db2631011b869bc3) Importer(815301076,1909f56bfc062723c751e8b465ee728b)
Start importing Assets/Oculus/Interaction/Samples/Fonts/Roboto-Medium SDF.asset using Guid(b8f5aeb9c6de7614db2631011b869bc3) Importer(815301076,1909f56bfc062723c751e8b465ee728b) Shader error in 'TextMeshPro/Distance Field': Couldn't open include file 'TMPro_Properties.cginc'. at line 126
Shader error in 'TextMeshPro/Distance Field': Couldn't open include file 'TMPro_Properties.cginc'. at line 126
 -> (artifact id: 'ff2229b122dc15c4a711b4d8a11fad04') in 0.026884 seconds
Number of updated asset objects reloaded before import = 0
Number of asset objects unloaded after import = 6
========================================================================
Received Import Request.
  Time since last request: 0.390770 seconds.
  path: Assets/Oculus/Interaction/Samples/Fonts/Roboto-Regular SDF.asset
  artifactKey: Guid(fc41d5815b9a5bb48be4c84a746c4ff6) Importer(815301076,1909f56bfc062723c751e8b465ee728b)
Start importing Assets/Oculus/Interaction/Samples/Fonts/Roboto-Regular SDF.asset using Guid(fc41d5815b9a5bb48be4c84a746c4ff6) Importer(815301076,1909f56bfc062723c751e8b465ee728b) Shader error in 'TextMeshPro/Distance Field': Couldn't open include file 'TMPro_Properties.cginc'. at line 126
Shader error in 'TextMeshPro/Distance Field': Couldn't open include file 'TMPro_Properties.cginc'. at line 126
 -> (artifact id: 'ec03954178c6682c70f40646d6fee5d2') in 0.026255 seconds
Number of updated asset objects reloaded before import = 0
Number of asset objects unloaded after import = 6
========================================================================
Received Import Request.
  Time since last request: 123.781621 seconds.
  path: Assets/Scenes/AI_List_Scene.unity
  artifactKey: Guid(fa482c6370e483740a87fe357f209b8d) Importer(815301076,1909f56bfc062723c751e8b465ee728b)
Start importing Assets/Scenes/AI_List_Scene.unity using Guid(fa482c6370e483740a87fe357f209b8d) Importer(815301076,1909f56bfc062723c751e8b465ee728b)  -> (artifact id: '74334a0f50f19720b55549d763e83f2b') in 0.000852 seconds
Number of updated asset objects reloaded before import = 0
Number of asset objects unloaded after import = 0
========================================================================
Received Import Request.
  Time since last request: 16.529905 seconds.
  path: Assets/we/02.Map/Tutorial_map/TextMesh Pro/Shaders/TMP_SDF.shader
  artifactKey: Guid(68e6db2ebdc24f95958faec2be5558d6) Importer(815301076,1909f56bfc062723c751e8b465ee728b)
Start importing Assets/we/02.Map/Tutorial_map/TextMesh Pro/Shaders/TMP_SDF.shader using Guid(68e6db2ebdc24f95958faec2be5558d6) Importer(815301076,1909f56bfc062723c751e8b465ee728b)  -> (artifact id: 'cda9db2f3cae6bdd39c4b528ee7a93b0') in 0.001471 seconds
Number of updated asset objects reloaded before import = 0
Number of asset objects unloaded after import = 1
========================================================================
Received Prepare
Begin MonoManager ReloadAssembly
Symbol file LoadedFromMemory is not a mono symbol file
Symbol file LoadedFromMemory is not a mono symbol file
Assembly 'Assets/we/02.Map/Tutorial_map/DB/ExternalDependencyManager/Editor/1.2.183/Google.IOSResolver.dll' will not be loaded due to errors:
Unable to resolve reference 'UnityEditor.iOS.Extensions.Xcode'. Is the assembly missing or incompatible with the current platform?
Reference validation can be disabled in the Plugin Inspector.
Symbol file LoadedFromMemory is not a mono symbol file
Symbol file LoadedFromMemory is not a mono symbol file
Symbol file LoadedFromMemory is not a mono symbol file
Symbol file LoadedFromMemory is not a mono symbol file
Symbol file LoadedFromMemory is not a mono symbol file
Assembly 'Assets/we/02.Map/Tutorial_map/DB/Firebase/Editor/Firebase.Editor.dll' will not be loaded due to errors:
Unable to resolve reference 'UnityEditor.iOS.Extensions.Xcode'. Is the assembly missing or incompatible with the current platform?
Reference validation can be disabled in the Plugin Inspector.
- Loaded All Assemblies, in  0.532 seconds
Refreshing native plugins compatible for Editor in 22.16 ms, found 20 plugins.
Native extension for WindowsStandalone target not found
Native extension for Android target not found
[Package Manager] Server::EnsureServerProcessIsRunning -- launch failed, reason: Unity was launched with the -noUpm command-line argument
[Package Manager] UpmClient::Send -- Unable to send message (not connected to UPM process).
[Package Manager] Cannot connect to Unity Package Manager local server
[Package Manager] Server::EnsureServerProcessIsRunning -- launch failed, reason: Unity was launched with the -noUpm command-line argument
[Package Manager] UpmClient::Send -- Unable to send message (not connected to UPM process).
[Package Manager] Cannot connect to Unity Package Manager local server
Mono: successfully reloaded assembly
[Package Manager] Server::EnsureServerProcessIsRunning -- launch failed, reason: Unity was launched with the -noUpm command-line argument
[Package Manager] UpmClient::Send -- Unable to send message (not connected to UPM process).
[Package Manager] Cannot connect to Unity Package Manager local server
- Finished resetting the current domain, in  1.297 seconds
Domain Reload Profiling: 1826ms
	BeginReloadAssembly (166ms)
		ExecutionOrderSort (0ms)
		DisableScriptedObjects (12ms)
		BackupInstance (0ms)
		ReleaseScriptingObjects (0ms)
		CreateAndSetChildDomain (54ms)
	RebuildCommonClasses (29ms)
	RebuildNativeTypeToScriptingClass (9ms)
	initialDomainReloadingComplete (30ms)
	LoadAllAssembliesAndSetupDomain (296ms)
		LoadAssemblies (326ms)
		RebuildTransferFunctionScriptingTraits (0ms)
		AnalyzeDomain (34ms)
			TypeCache.Refresh (7ms)
				TypeCache.ScanAssembly (0ms)
			ScanForSourceGeneratedMonoScriptInfo (0ms)
			ResolveRequiredComponents (24ms)
	FinalizeReload (1298ms)
		ReleaseScriptCaches (0ms)
		RebuildScriptCaches (0ms)
		SetupLoadedEditorAssemblies (588ms)
			LogAssemblyErrors (0ms)
			InitializePlatformSupportModulesInManaged (18ms)
			SetLoadedEditorAssemblies (3ms)
			RefreshPlugins (0ms)
			BeforeProcessingInitializeOnLoad (127ms)
			ProcessInitializeOnLoadAttributes (356ms)
			ProcessInitializeOnLoadMethodAttributes (79ms)
			AfterProcessingInitializeOnLoad (4ms)
			EditorAssembliesLoaded (0ms)
		ExecutionOrderSort2 (0ms)
		AwakeInstancesAfterBackupRestoration (20ms)
Shader 'Oculus/OVRMRCameraFrameLit': fallback shader 'Alpha-Diffuse' not found
Refreshing native plugins compatible for Editor in 33.51 ms, found 20 plugins.
Preloading 2 native plugins for Editor in 0.20 ms.
Unloading 9255 Unused Serialized files (Serialized files now loaded: 0)
Unloading 163 unused Assets / (3.1 MB). Loaded Objects now: 10096.
Memory consumption went from 335.0 MB to 332.0 MB.
Total: 10.789200 ms (FindLiveObjects: 0.905400 ms CreateObjectMapping: 0.998100 ms MarkObjects: 6.271300 ms  DeleteObjects: 2.612800 ms)

Prepare: number of updated asset objects reloaded= 0
AssetImportParameters requested are different than current active one (requested -> active):
  custom:container-demuxer-ogg: 62fdf1f143b41e24485cea50d1cbac27 -> 
  custom:framework-win-MediaFoundation: 216162199b28c13a410421893ffa2e32 -> 
  custom:container-muxer-webm: aa71ff27fc2769a1b78a27578f13a17b -> 
  custom:video-decoder-webm-vp8: 9c59270c3fd7afecdb556c50c9e8de78 -> 
  custom:SearchIndexIgnoredProperties: e643bd26f0fe6173181afceb89e7c659 -> 
  custom:AudioImporter_EditorPlatform: d09bf68614088b80899f8185d706f6e7 -> 
  custom:audio-decoder-ogg-vorbis: bf7c407c2cedff20999df2af8eb42d56 -> 
  custom:audio-encoder-webm-vorbis: bf7c407c2cedff20999df2af8eb42d56 -> 
  custom:video-codec-MediaFoundation-h265: 746d11721c4dcdbdad8f713fa42b33f4 -> 
  custom:video-decoder-ogg-theora: a1e56fd34408186e4bbccfd4996cb3dc -> 
  custom:CustomObjectIndexerAttribute: d54d2f2da18e7612c182cf67624b6b12 -> 
  custom:container-demuxer-webm: 4f35f7cbe854078d1ac9338744f61a02 -> 
  custom:video-encoder-webm-vp8: eb34c28f22e8b96e1ab97ce403110664 -> 
========================================================================
Received Import Request.
  Time since last request: 85.118969 seconds.
  path: Assets/we/02.Map/Snowmap/PJH_Map/Map/TerrainDemoScene_URP/TextMeshPro/Fonts
  artifactKey: Guid(bbce18a901e8587478287a7b8f171d28) Importer(815301076,1909f56bfc062723c751e8b465ee728b)
Start importing Assets/we/02.Map/Snowmap/PJH_Map/Map/TerrainDemoScene_URP/TextMeshPro/Fonts using Guid(bbce18a901e8587478287a7b8f171d28) Importer(815301076,1909f56bfc062723c751e8b465ee728b)  -> (artifact id: 'bdb30ee73cfe9eba143819590c7323d9') in 0.001891 seconds
Number of updated asset objects reloaded before import = 0
Number of asset objects unloaded after import = 0
========================================================================
Received Import Request.
  Time since last request: 23.947631 seconds.
  path: Assets/Oculus/SampleFramework/Core/DebugUI/Fonts
  artifactKey: Guid(7a110181a5694464094c6ae73f3f2be1) Importer(815301076,1909f56bfc062723c751e8b465ee728b)
Start importing Assets/Oculus/SampleFramework/Core/DebugUI/Fonts using Guid(7a110181a5694464094c6ae73f3f2be1) Importer(815301076,1909f56bfc062723c751e8b465ee728b)  -> (artifact id: 'd5f98babfec1821f3c705e7497717d50') in 0.000504 seconds
Number of updated asset objects reloaded before import = 0
Number of asset objects unloaded after import = 0
========================================================================
Received Import Request.
  Time since last request: 7.568962 seconds.
  path: Assets/Oculus/SampleFramework/Core/DebugUI/Fonts/Montserrat/Montserrat-Bold.ttf
  artifactKey: Guid(7e89e80fce8fc06478c726f2f3de7863) Importer(815301076,1909f56bfc062723c751e8b465ee728b)
Start importing Assets/Oculus/SampleFramework/Core/DebugUI/Fonts/Montserrat/Montserrat-Bold.ttf using Guid(7e89e80fce8fc06478c726f2f3de7863) Importer(815301076,1909f56bfc062723c751e8b465ee728b)  -> (artifact id: '2830809bfaa989c617e4ff2736738c43') in 0.209045 seconds
Number of updated asset objects reloaded before import = 0
Number of asset objects unloaded after import = 23
========================================================================
Received Import Request.
  Time since last request: 0.286418 seconds.
  path: Assets/Oculus/SampleFramework/Core/DebugUI/Fonts/Montserrat/Montserrat-BoldItalic.ttf
  artifactKey: Guid(440e99598766dbd40a4d8bc01445b5ca) Importer(815301076,1909f56bfc062723c751e8b465ee728b)
Start importing Assets/Oculus/SampleFramework/Core/DebugUI/Fonts/Montserrat/Montserrat-BoldItalic.ttf using Guid(440e99598766dbd40a4d8bc01445b5ca) Importer(815301076,1909f56bfc062723c751e8b465ee728b)  -> (artifact id: '3412540482d2308212edbc8d7e81bbff') in 0.021007 seconds
Number of updated asset objects reloaded before import = 0
Number of asset objects unloaded after import = 5
========================================================================
Received Import Request.
  Time since last request: 4.203395 seconds.
  path: Assets/we/02.Map/Tutorial_map/TextMesh Pro/Resources/Fonts & Materials
  artifactKey: Guid(731f1baa9d144a9897cb1d341c2092b8) Importer(815301076,1909f56bfc062723c751e8b465ee728b)
Start importing Assets/we/02.Map/Tutorial_map/TextMesh Pro/Resources/Fonts & Materials using Guid(731f1baa9d144a9897cb1d341c2092b8) Importer(815301076,1909f56bfc062723c751e8b465ee728b)  -> (artifact id: '3a7eab248413d5372ca0e38f8fa86db8') in 0.000587 seconds
Number of updated asset objects reloaded before import = 0
Number of asset objects unloaded after import = 0
========================================================================
Received Import Request.
  Time since last request: 67.784979 seconds.
  path: Assets/we/02.Map/Tutorial_map/TextMesh Pro/Fonts/NotoSansKR-Black SDF.asset
  artifactKey: Guid(a0c7dda158241184187a2592243e1563) Importer(815301076,1909f56bfc062723c751e8b465ee728b)
Start importing Assets/we/02.Map/Tutorial_map/TextMesh Pro/Fonts/NotoSansKR-Black SDF.asset using Guid(a0c7dda158241184187a2592243e1563) Importer(815301076,1909f56bfc062723c751e8b465ee728b) Shader error in 'TextMeshPro/Distance Field': Couldn't open include file 'TMPro_Properties.cginc'. at line 126
Shader error in 'TextMeshPro/Distance Field': Couldn't open include file 'TMPro_Properties.cginc'. at line 126
 -> (artifact id: '5e30fe30d8544a68339ee0ae67ce25b1') in 0.184963 seconds
Number of updated asset objects reloaded before import = 0
Number of asset objects unloaded after import = 8
========================================================================
Received Prepare
Begin MonoManager ReloadAssembly
Symbol file LoadedFromMemory is not a mono symbol file
Symbol file LoadedFromMemory is not a mono symbol file
Assembly 'Assets/we/02.Map/Tutorial_map/DB/ExternalDependencyManager/Editor/1.2.183/Google.IOSResolver.dll' will not be loaded due to errors:
Unable to resolve reference 'UnityEditor.iOS.Extensions.Xcode'. Is the assembly missing or incompatible with the current platform?
Reference validation can be disabled in the Plugin Inspector.
Symbol file LoadedFromMemory is not a mono symbol file
Symbol file LoadedFromMemory is not a mono symbol file
Symbol file LoadedFromMemory is not a mono symbol file
Symbol file LoadedFromMemory is not a mono symbol file
Symbol file LoadedFromMemory is not a mono symbol file
Assembly 'Assets/we/02.Map/Tutorial_map/DB/Firebase/Editor/Firebase.Editor.dll' will not be loaded due to errors:
Unable to resolve reference 'UnityEditor.iOS.Extensions.Xcode'. Is the assembly missing or incompatible with the current platform?
Reference validation can be disabled in the Plugin Inspector.
- Loaded All Assemblies, in  0.516 seconds
Refreshing native plugins compatible for Editor in 14.62 ms, found 20 plugins.
Native extension for WindowsStandalone target not found
Native extension for Android target not found
[Package Manager] Server::EnsureServerProcessIsRunning -- launch failed, reason: Unity was launched with the -noUpm command-line argument
[Package Manager] UpmClient::Send -- Unable to send message (not connected to UPM process).
[Package Manager] Cannot connect to Unity Package Manager local server
[Package Manager] Server::EnsureServerProcessIsRunning -- launch failed, reason: Unity was launched with the -noUpm command-line argument
[Package Manager] UpmClient::Send -- Unable to send message (not connected to UPM process).
[Package Manager] Cannot connect to Unity Package Manager local server
Mono: successfully reloaded assembly
[Package Manager] Server::EnsureServerProcessIsRunning -- launch failed, reason: Unity was launched with the -noUpm command-line argument
[Package Manager] UpmClient::Send -- Unable to send message (not connected to UPM process).
[Package Manager] Cannot connect to Unity Package Manager local server
- Finished resetting the current domain, in  1.238 seconds
Domain Reload Profiling: 1751ms
	BeginReloadAssembly (160ms)
		ExecutionOrderSort (0ms)
		DisableScriptedObjects (9ms)
		BackupInstance (0ms)
		ReleaseScriptingObjects (0ms)
		CreateAndSetChildDomain (51ms)
	RebuildCommonClasses (25ms)
	RebuildNativeTypeToScriptingClass (9ms)
	initialDomainReloadingComplete (29ms)
	LoadAllAssembliesAndSetupDomain (290ms)
		LoadAssemblies (329ms)
		RebuildTransferFunctionScriptingTraits (0ms)
		AnalyzeDomain (30ms)
			TypeCache.Refresh (6ms)
				TypeCache.ScanAssembly (0ms)
			ScanForSourceGeneratedMonoScriptInfo (0ms)
			ResolveRequiredComponents (21ms)
	FinalizeReload (1239ms)
		ReleaseScriptCaches (0ms)
		RebuildScriptCaches (0ms)
		SetupLoadedEditorAssemblies (521ms)
			LogAssemblyErrors (0ms)
			InitializePlatformSupportModulesInManaged (21ms)
			SetLoadedEditorAssemblies (3ms)
			RefreshPlugins (0ms)
			BeforeProcessingInitializeOnLoad (93ms)
			ProcessInitializeOnLoadAttributes (333ms)
			ProcessInitializeOnLoadMethodAttributes (67ms)
			AfterProcessingInitializeOnLoad (3ms)
			EditorAssembliesLoaded (0ms)
		ExecutionOrderSort2 (0ms)
		AwakeInstancesAfterBackupRestoration (15ms)
Shader 'Oculus/OVRMRCameraFrameLit': fallback shader 'Alpha-Diffuse' not found
Refreshing native plugins compatible for Editor in 27.78 ms, found 20 plugins.
Preloading 2 native plugins for Editor in 0.18 ms.
Unloading 9255 Unused Serialized files (Serialized files now loaded: 0)
Unloading 163 unused Assets / (3.1 MB). Loaded Objects now: 10137.
Memory consumption went from 337.1 MB to 334.0 MB.
Total: 13.071400 ms (FindLiveObjects: 1.606400 ms CreateObjectMapping: 1.819000 ms MarkObjects: 7.479100 ms  DeleteObjects: 2.164700 ms)

Prepare: number of updated asset objects reloaded= 0
AssetImportParameters requested are different than current active one (requested -> active):
  custom:container-demuxer-ogg: 62fdf1f143b41e24485cea50d1cbac27 -> 
  custom:framework-win-MediaFoundation: 216162199b28c13a410421893ffa2e32 -> 
  custom:container-muxer-webm: aa71ff27fc2769a1b78a27578f13a17b -> 
  custom:video-decoder-webm-vp8: 9c59270c3fd7afecdb556c50c9e8de78 -> 
  custom:SearchIndexIgnoredProperties: e643bd26f0fe6173181afceb89e7c659 -> 
  custom:AudioImporter_EditorPlatform: d09bf68614088b80899f8185d706f6e7 -> 
  custom:audio-decoder-ogg-vorbis: bf7c407c2cedff20999df2af8eb42d56 -> 
  custom:audio-encoder-webm-vorbis: bf7c407c2cedff20999df2af8eb42d56 -> 
  custom:video-codec-MediaFoundation-h265: 746d11721c4dcdbdad8f713fa42b33f4 -> 
  custom:video-decoder-ogg-theora: a1e56fd34408186e4bbccfd4996cb3dc -> 
  custom:CustomObjectIndexerAttribute: d54d2f2da18e7612c182cf67624b6b12 -> 
  custom:container-demuxer-webm: 4f35f7cbe854078d1ac9338744f61a02 -> 
  custom:video-encoder-webm-vp8: eb34c28f22e8b96e1ab97ce403110664 -> 
========================================================================
Received Import Request.
  Time since last request: 617.800275 seconds.
  path: Assets/we/02.Map/Tutorial_map/TextMesh Pro/Fonts/NotoSansKR-Black SDF.asset
  artifactKey: Guid(a0c7dda158241184187a2592243e1563) Importer(815301076,1909f56bfc062723c751e8b465ee728b)
Start importing Assets/we/02.Map/Tutorial_map/TextMesh Pro/Fonts/NotoSansKR-Black SDF.asset using Guid(a0c7dda158241184187a2592243e1563) Importer(815301076,1909f56bfc062723c751e8b465ee728b)  -> (artifact id: '05f28e96721cfb09b7346d80ad356678') in 0.367964 seconds
Number of updated asset objects reloaded before import = 0
Number of asset objects unloaded after import = 26
========================================================================
Received Prepare
Begin MonoManager ReloadAssembly
Symbol file LoadedFromMemory is not a mono symbol file
Symbol file LoadedFromMemory is not a mono symbol file
Assembly 'Assets/we/02.Map/Tutorial_map/DB/ExternalDependencyManager/Editor/1.2.183/Google.IOSResolver.dll' will not be loaded due to errors:
Unable to resolve reference 'UnityEditor.iOS.Extensions.Xcode'. Is the assembly missing or incompatible with the current platform?
Reference validation can be disabled in the Plugin Inspector.
Symbol file LoadedFromMemory is not a mono symbol file
Symbol file LoadedFromMemory is not a mono symbol file
Symbol file LoadedFromMemory is not a mono symbol file
Symbol file LoadedFromMemory is not a mono symbol file
Symbol file LoadedFromMemory is not a mono symbol file
Assembly 'Assets/we/02.Map/Tutorial_map/DB/Firebase/Editor/Firebase.Editor.dll' will not be loaded due to errors:
Unable to resolve reference 'UnityEditor.iOS.Extensions.Xcode'. Is the assembly missing or incompatible with the current platform?
Reference validation can be disabled in the Plugin Inspector.
- Loaded All Assemblies, in  0.566 seconds
Refreshing native plugins compatible for Editor in 24.70 ms, found 20 plugins.
Native extension for WindowsStandalone target not found
Native extension for Android target not found
[Package Manager] Server::EnsureServerProcessIsRunning -- launch failed, reason: Unity was launched with the -noUpm command-line argument
[Package Manager] UpmClient::Send -- Unable to send message (not connected to UPM process).
[Package Manager] Cannot connect to Unity Package Manager local server
[Package Manager] Server::EnsureServerProcessIsRunning -- launch failed, reason: Unity was launched with the -noUpm command-line argument
[Package Manager] UpmClient::Send -- Unable to send message (not connected to UPM process).
[Package Manager] Cannot connect to Unity Package Manager local server
Mono: successfully reloaded assembly
[Package Manager] Server::EnsureServerProcessIsRunning -- launch failed, reason: Unity was launched with the -noUpm command-line argument
[Package Manager] UpmClient::Send -- Unable to send message (not connected to UPM process).
[Package Manager] Cannot connect to Unity Package Manager local server
- Finished resetting the current domain, in  1.343 seconds
Domain Reload Profiling: 1905ms
	BeginReloadAssembly (173ms)
		ExecutionOrderSort (0ms)
		DisableScriptedObjects (10ms)
		BackupInstance (0ms)
		ReleaseScriptingObjects (0ms)
		CreateAndSetChildDomain (52ms)
	RebuildCommonClasses (34ms)
	RebuildNativeTypeToScriptingClass (11ms)
	initialDomainReloadingComplete (29ms)
	LoadAllAssembliesAndSetupDomain (316ms)
		LoadAssemblies (364ms)
		RebuildTransferFunctionScriptingTraits (0ms)
		AnalyzeDomain (30ms)
			TypeCache.Refresh (7ms)
				TypeCache.ScanAssembly (0ms)
			ScanForSourceGeneratedMonoScriptInfo (0ms)
			ResolveRequiredComponents (21ms)
	FinalizeReload (1343ms)
		ReleaseScriptCaches (0ms)
		RebuildScriptCaches (0ms)
		SetupLoadedEditorAssemblies (566ms)
			LogAssemblyErrors (0ms)
			InitializePlatformSupportModulesInManaged (21ms)
			SetLoadedEditorAssemblies (5ms)
			RefreshPlugins (0ms)
			BeforeProcessingInitializeOnLoad (111ms)
			ProcessInitializeOnLoadAttributes (357ms)
			ProcessInitializeOnLoadMethodAttributes (66ms)
			AfterProcessingInitializeOnLoad (4ms)
			EditorAssembliesLoaded (1ms)
		ExecutionOrderSort2 (0ms)
		AwakeInstancesAfterBackupRestoration (19ms)
Shader 'Oculus/OVRMRCameraFrameLit': fallback shader 'Alpha-Diffuse' not found
Refreshing native plugins compatible for Editor in 38.15 ms, found 20 plugins.
Preloading 2 native plugins for Editor in 0.25 ms.
Unloading 9255 Unused Serialized files (Serialized files now loaded: 0)
Unloading 163 unused Assets / (3.1 MB). Loaded Objects now: 10178.
Memory consumption went from 339.1 MB to 336.0 MB.
Total: 11.146500 ms (FindLiveObjects: 1.166300 ms CreateObjectMapping: 1.128000 ms MarkObjects: 6.266600 ms  DeleteObjects: 2.583100 ms)

Prepare: number of updated asset objects reloaded= 0
AssetImportParameters requested are different than current active one (requested -> active):
  custom:container-demuxer-ogg: 62fdf1f143b41e24485cea50d1cbac27 -> 
  custom:framework-win-MediaFoundation: 216162199b28c13a410421893ffa2e32 -> 
  custom:container-muxer-webm: aa71ff27fc2769a1b78a27578f13a17b -> 
  custom:video-decoder-webm-vp8: 9c59270c3fd7afecdb556c50c9e8de78 -> 
  custom:SearchIndexIgnoredProperties: e643bd26f0fe6173181afceb89e7c659 -> 
  custom:AudioImporter_EditorPlatform: d09bf68614088b80899f8185d706f6e7 -> 
  custom:audio-decoder-ogg-vorbis: bf7c407c2cedff20999df2af8eb42d56 -> 
  custom:audio-encoder-webm-vorbis: bf7c407c2cedff20999df2af8eb42d56 -> 
  custom:video-codec-MediaFoundation-h265: 746d11721c4dcdbdad8f713fa42b33f4 -> 
  custom:video-decoder-ogg-theora: a1e56fd34408186e4bbccfd4996cb3dc -> 
  custom:CustomObjectIndexerAttribute: d54d2f2da18e7612c182cf67624b6b12 -> 
  custom:container-demuxer-webm: 4f35f7cbe854078d1ac9338744f61a02 -> 
  custom:video-encoder-webm-vp8: eb34c28f22e8b96e1ab97ce403110664 -> 
========================================================================
Received Import Request.
  Time since last request: 225.437986 seconds.
  path: Assets/AI_List_Script/WavUtility1.cs
  artifactKey: Guid(dbb65ebabdd63184bbfc563b8a79f45a) Importer(815301076,1909f56bfc062723c751e8b465ee728b)
Start importing Assets/AI_List_Script/WavUtility1.cs using Guid(dbb65ebabdd63184bbfc563b8a79f45a) Importer(815301076,1909f56bfc062723c751e8b465ee728b)  -> (artifact id: 'e785827c12b0c434587620bd736350a5') in 0.002918 seconds
Number of updated asset objects reloaded before import = 0
Number of asset objects unloaded after import = 0
========================================================================
Received Import Request.
  Time since last request: 15.786770 seconds.
  path: Assets/AI_List_Script/AIDesignerUIManager.cs
  artifactKey: Guid(7957479c7316fba4782b3a42b408ef4b) Importer(815301076,1909f56bfc062723c751e8b465ee728b)
Start importing Assets/AI_List_Script/AIDesignerUIManager.cs using Guid(7957479c7316fba4782b3a42b408ef4b) Importer(815301076,1909f56bfc062723c751e8b465ee728b)  -> (artifact id: 'a654ca23ea65b77e6970b8cef3749b5b') in 0.000523 seconds
Number of updated asset objects reloaded before import = 0
Number of asset objects unloaded after import = 0
========================================================================
Received Import Request.
  Time since last request: 10.662942 seconds.
  path: Assets/AI_List_Script/AudioManager.cs
  artifactKey: Guid(3c28e1a4c8553df4388da10c85ea5a82) Importer(815301076,1909f56bfc062723c751e8b465ee728b)
Start importing Assets/AI_List_Script/AudioManager.cs using Guid(3c28e1a4c8553df4388da10c85ea5a82) Importer(815301076,1909f56bfc062723c751e8b465ee728b)  -> (artifact id: '8deee9ec3d2e9b8670e73f2a6dcc4da1') in 0.000510 seconds
Number of updated asset objects reloaded before import = 0
Number of asset objects unloaded after import = 0
========================================================================
Received Import Request.
  Time since last request: 70.077093 seconds.
  path: Assets/we/02.Map/AI NPC/Scripts_AI/TextToSpeech.cs
  artifactKey: Guid(a9e29e4673ef17e428490a02f8db673b) Importer(815301076,1909f56bfc062723c751e8b465ee728b)
Start importing Assets/we/02.Map/AI NPC/Scripts_AI/TextToSpeech.cs using Guid(a9e29e4673ef17e428490a02f8db673b) Importer(815301076,1909f56bfc062723c751e8b465ee728b)  -> (artifact id: '9b2fe19c94c823a1b05d8c486cac4194') in 0.000578 seconds
Number of updated asset objects reloaded before import = 0
Number of asset objects unloaded after import = 0
========================================================================
Received Import Request.
  Time since last request: 0.349849 seconds.
  path: Assets/we/02.Map/AI NPC/Scripts_AI/SpeechToText.cs
  artifactKey: Guid(c0919eb349e34f849afcc5c7fd9d0c8a) Importer(815301076,1909f56bfc062723c751e8b465ee728b)
Start importing Assets/we/02.Map/AI NPC/Scripts_AI/SpeechToText.cs using Guid(c0919eb349e34f849afcc5c7fd9d0c8a) Importer(815301076,1909f56bfc062723c751e8b465ee728b)  -> (artifact id: 'c9a926f43ba7a3ba97c3abf1662f7def') in 0.000613 seconds
Number of updated asset objects reloaded before import = 0
Number of asset objects unloaded after import = 0
========================================================================
Received Import Request.
  Time since last request: 129.264372 seconds.
  path: Assets/AI_List_Script
  artifactKey: Guid(0414ce12fdff0864395c720a5ff7624e) Importer(815301076,1909f56bfc062723c751e8b465ee728b)
Start importing Assets/AI_List_Script using Guid(0414ce12fdff0864395c720a5ff7624e) Importer(815301076,1909f56bfc062723c751e8b465ee728b)  -> (artifact id: '37fdc7a5fdb907088e0907367c220d24') in 0.001257 seconds
Number of updated asset objects reloaded before import = 0
Number of asset objects unloaded after import = 0
========================================================================
Received Import Request.
  Time since last request: 439.794731 seconds.
  path: Assets/Scenes
  artifactKey: Guid(031c6a85c3171bb41a6694b813db43b1) Importer(815301076,1909f56bfc062723c751e8b465ee728b)
Start importing Assets/Scenes using Guid(031c6a85c3171bb41a6694b813db43b1) Importer(815301076,1909f56bfc062723c751e8b465ee728b)  -> (artifact id: '7cf7ca937057d886cd6ebe6c9d37fd9e') in 0.000816 seconds
Number of updated asset objects reloaded before import = 0
Number of asset objects unloaded after import = 0
========================================================================
Received Import Request.
  Time since last request: 3.137100 seconds.
  path: Assets/Scenes_1
  artifactKey: Guid(031c6a85c3171bb41a6694b813db43b1) Importer(815301076,1909f56bfc062723c751e8b465ee728b)
Start importing Assets/Scenes_1 using Guid(031c6a85c3171bb41a6694b813db43b1) Importer(815301076,1909f56bfc062723c751e8b465ee728b)  -> (artifact id: 'c00eba210b39d1591842824ad643a66d') in 0.000596 seconds
Number of updated asset objects reloaded before import = 0
Number of asset objects unloaded after import = 0
========================================================================
Received Import Request.
  Time since last request: 90.152247 seconds.
  path: Assets/AI_Mapping_Script/SurveyManager.cs
  artifactKey: Guid(9dc7e3a9301ed5b4a823aa4c3090babc) Importer(815301076,1909f56bfc062723c751e8b465ee728b)
Start importing Assets/AI_Mapping_Script/SurveyManager.cs using Guid(9dc7e3a9301ed5b4a823aa4c3090babc) Importer(815301076,1909f56bfc062723c751e8b465ee728b)  -> (artifact id: 'dc95b33c055334ba810a90777ebb0288') in 0.000481 seconds
Number of updated asset objects reloaded before import = 0
Number of asset objects unloaded after import = 0
========================================================================
Received Import Request.
  Time since last request: 34.157686 seconds.
  path: Assets/we/02.Map/Tutorial_map/DB/Script/SurveyManager1.cs
  artifactKey: Guid(a715d5500dd4e6948ae99af1494064e4) Importer(815301076,1909f56bfc062723c751e8b465ee728b)
Start importing Assets/we/02.Map/Tutorial_map/DB/Script/SurveyManager1.cs using Guid(a715d5500dd4e6948ae99af1494064e4) Importer(815301076,1909f56bfc062723c751e8b465ee728b)  -> (artifact id: '7144def7a8d45548885193c98f93e178') in 0.000742 seconds
Number of updated asset objects reloaded before import = 0
Number of asset objects unloaded after import = 0
========================================================================
Received Prepare
Begin MonoManager ReloadAssembly
Symbol file LoadedFromMemory is not a mono symbol file
Symbol file LoadedFromMemory is not a mono symbol file
Assembly 'Assets/we/02.Map/Tutorial_map/DB/ExternalDependencyManager/Editor/1.2.183/Google.IOSResolver.dll' will not be loaded due to errors:
Unable to resolve reference 'UnityEditor.iOS.Extensions.Xcode'. Is the assembly missing or incompatible with the current platform?
Reference validation can be disabled in the Plugin Inspector.
Symbol file LoadedFromMemory is not a mono symbol file
Symbol file LoadedFromMemory is not a mono symbol file
Symbol file LoadedFromMemory is not a mono symbol file
Symbol file LoadedFromMemory is not a mono symbol file
Symbol file LoadedFromMemory is not a mono symbol file
Assembly 'Assets/we/02.Map/Tutorial_map/DB/Firebase/Editor/Firebase.Editor.dll' will not be loaded due to errors:
Unable to resolve reference 'UnityEditor.iOS.Extensions.Xcode'. Is the assembly missing or incompatible with the current platform?
Reference validation can be disabled in the Plugin Inspector.
- Loaded All Assemblies, in  0.592 seconds
Refreshing native plugins compatible for Editor in 19.16 ms, found 20 plugins.
Native extension for WindowsStandalone target not found
Native extension for Android target not found
[Package Manager] Server::EnsureServerProcessIsRunning -- launch failed, reason: Unity was launched with the -noUpm command-line argument
[Package Manager] UpmClient::Send -- Unable to send message (not connected to UPM process).
[Package Manager] Cannot connect to Unity Package Manager local server
[Package Manager] Server::EnsureServerProcessIsRunning -- launch failed, reason: Unity was launched with the -noUpm command-line argument
[Package Manager] UpmClient::Send -- Unable to send message (not connected to UPM process).
[Package Manager] Cannot connect to Unity Package Manager local server
Mono: successfully reloaded assembly
[Package Manager] Server::EnsureServerProcessIsRunning -- launch failed, reason: Unity was launched with the -noUpm command-line argument
[Package Manager] UpmClient::Send -- Unable to send message (not connected to UPM process).
[Package Manager] Cannot connect to Unity Package Manager local server
- Finished resetting the current domain, in  1.333 seconds
Domain Reload Profiling: 1921ms
	BeginReloadAssembly (158ms)
		ExecutionOrderSort (0ms)
		DisableScriptedObjects (3ms)
		BackupInstance (0ms)
		ReleaseScriptingObjects (0ms)
		CreateAndSetChildDomain (50ms)
	RebuildCommonClasses (27ms)
	RebuildNativeTypeToScriptingClass (9ms)
	initialDomainReloadingComplete (28ms)
	LoadAllAssembliesAndSetupDomain (366ms)
		LoadAssemblies (349ms)
		RebuildTransferFunctionScriptingTraits (0ms)
		AnalyzeDomain (91ms)
			TypeCache.Refresh (22ms)
				TypeCache.ScanAssembly (6ms)
			ScanForSourceGeneratedMonoScriptInfo (45ms)
			ResolveRequiredComponents (23ms)
	FinalizeReload (1333ms)
		ReleaseScriptCaches (0ms)
		RebuildScriptCaches (0ms)
		SetupLoadedEditorAssemblies (589ms)
			LogAssemblyErrors (0ms)
			InitializePlatformSupportModulesInManaged (26ms)
			SetLoadedEditorAssemblies (4ms)
			RefreshPlugins (0ms)
			BeforeProcessingInitializeOnLoad (109ms)
			ProcessInitializeOnLoadAttributes (368ms)
			ProcessInitializeOnLoadMethodAttributes (77ms)
			AfterProcessingInitializeOnLoad (5ms)
			EditorAssembliesLoaded (0ms)
		ExecutionOrderSort2 (0ms)
		AwakeInstancesAfterBackupRestoration (21ms)
Shader 'Oculus/OVRMRCameraFrameLit': fallback shader 'Alpha-Diffuse' not found
Refreshing native plugins compatible for Editor in 26.62 ms, found 20 plugins.
Preloading 2 native plugins for Editor in 0.17 ms.
Unloading 9257 Unused Serialized files (Serialized files now loaded: 0)
Unloading 163 unused Assets / (3.2 MB). Loaded Objects now: 10185.
Memory consumption went from 341.1 MB to 337.9 MB.
Total: 11.236400 ms (FindLiveObjects: 0.879200 ms CreateObjectMapping: 0.766000 ms MarkObjects: 7.156000 ms  DeleteObjects: 2.433500 ms)

Prepare: number of updated asset objects reloaded= 0
AssetImportParameters requested are different than current active one (requested -> active):
  custom:container-demuxer-ogg: 62fdf1f143b41e24485cea50d1cbac27 -> 
  custom:framework-win-MediaFoundation: 216162199b28c13a410421893ffa2e32 -> 
  custom:container-muxer-webm: aa71ff27fc2769a1b78a27578f13a17b -> 
  custom:video-decoder-webm-vp8: 9c59270c3fd7afecdb556c50c9e8de78 -> 
  custom:SearchIndexIgnoredProperties: e643bd26f0fe6173181afceb89e7c659 -> 
  custom:AudioImporter_EditorPlatform: d09bf68614088b80899f8185d706f6e7 -> 
  custom:audio-decoder-ogg-vorbis: bf7c407c2cedff20999df2af8eb42d56 -> 
  custom:audio-encoder-webm-vorbis: bf7c407c2cedff20999df2af8eb42d56 -> 
  custom:video-codec-MediaFoundation-h265: 746d11721c4dcdbdad8f713fa42b33f4 -> 
  custom:video-decoder-ogg-theora: a1e56fd34408186e4bbccfd4996cb3dc -> 
  custom:CustomObjectIndexerAttribute: d54d2f2da18e7612c182cf67624b6b12 -> 
  custom:container-demuxer-webm: 4f35f7cbe854078d1ac9338744f61a02 -> 
  custom:video-encoder-webm-vp8: eb34c28f22e8b96e1ab97ce403110664 -> 
========================================================================
Received Import Request.
  Time since last request: 24.572500 seconds.
  path: Assets/Scenes/JejuScene.unity
  artifactKey: Guid(b7b484fe9f7f1634f9d4b0d0f3473303) Importer(815301076,1909f56bfc062723c751e8b465ee728b)
Start importing Assets/Scenes/JejuScene.unity using Guid(b7b484fe9f7f1634f9d4b0d0f3473303) Importer(815301076,1909f56bfc062723c751e8b465ee728b)  -> (artifact id: '5f184462f0d2def2253921c075aa5184') in 0.001637 seconds
Number of updated asset objects reloaded before import = 0
Number of asset objects unloaded after import = 0
========================================================================
Received Import Request.
  Time since last request: 14.188605 seconds.
  path: Assets/Scenes/MainScene.unity
  artifactKey: Guid(3d703407dbfe5844fabdd5d12a1b4e1a) Importer(815301076,1909f56bfc062723c751e8b465ee728b)
Start importing Assets/Scenes/MainScene.unity using Guid(3d703407dbfe5844fabdd5d12a1b4e1a) Importer(815301076,1909f56bfc062723c751e8b465ee728b)  -> (artifact id: 'cee4517803c652d624702a3dfbe07a10') in 0.000500 seconds
Number of updated asset objects reloaded before import = 0
Number of asset objects unloaded after import = 0
========================================================================
Received Import Request.
  Time since last request: 0.798297 seconds.
  path: Assets/Scenes/Mapping_Scene.unity
  artifactKey: Guid(d5e1ee39a84c4e14cad4701e304f0188) Importer(815301076,1909f56bfc062723c751e8b465ee728b)
Start importing Assets/Scenes/Mapping_Scene.unity using Guid(d5e1ee39a84c4e14cad4701e304f0188) Importer(815301076,1909f56bfc062723c751e8b465ee728b)  -> (artifact id: '11031ba16c5d7da60214f08723344087') in 0.000668 seconds
Number of updated asset objects reloaded before import = 0
Number of asset objects unloaded after import = 0
========================================================================
Received Import Request.
  Time since last request: 1.943563 seconds.
  path: Assets/Scenes/SwissScene.unity
  artifactKey: Guid(196eb36fcbed7f64e845d5255b4b66b5) Importer(815301076,1909f56bfc062723c751e8b465ee728b)
Start importing Assets/Scenes/SwissScene.unity using Guid(196eb36fcbed7f64e845d5255b4b66b5) Importer(815301076,1909f56bfc062723c751e8b465ee728b)  -> (artifact id: '12bb97d9bd73048d7498d63ef2d40bbf') in 0.000609 seconds
Number of updated asset objects reloaded before import = 0
Number of asset objects unloaded after import = 0
========================================================================
Received Prepare
Begin MonoManager ReloadAssembly
Symbol file LoadedFromMemory is not a mono symbol file
Symbol file LoadedFromMemory is not a mono symbol file
Assembly 'Assets/we/02.Map/Tutorial_map/DB/ExternalDependencyManager/Editor/1.2.183/Google.IOSResolver.dll' will not be loaded due to errors:
Unable to resolve reference 'UnityEditor.iOS.Extensions.Xcode'. Is the assembly missing or incompatible with the current platform?
Reference validation can be disabled in the Plugin Inspector.
Symbol file LoadedFromMemory is not a mono symbol file
Symbol file LoadedFromMemory is not a mono symbol file
Symbol file LoadedFromMemory is not a mono symbol file
Symbol file LoadedFromMemory is not a mono symbol file
Symbol file LoadedFromMemory is not a mono symbol file
Assembly 'Assets/we/02.Map/Tutorial_map/DB/Firebase/Editor/Firebase.Editor.dll' will not be loaded due to errors:
Unable to resolve reference 'UnityEditor.iOS.Extensions.Xcode'. Is the assembly missing or incompatible with the current platform?
Reference validation can be disabled in the Plugin Inspector.
- Loaded All Assemblies, in  0.518 seconds
Refreshing native plugins compatible for Editor in 16.68 ms, found 20 plugins.
Native extension for WindowsStandalone target not found
Native extension for Android target not found
[Package Manager] Server::EnsureServerProcessIsRunning -- launch failed, reason: Unity was launched with the -noUpm command-line argument
[Package Manager] UpmClient::Send -- Unable to send message (not connected to UPM process).
[Package Manager] Cannot connect to Unity Package Manager local server
[Package Manager] Server::EnsureServerProcessIsRunning -- launch failed, reason: Unity was launched with the -noUpm command-line argument
[Package Manager] UpmClient::Send -- Unable to send message (not connected to UPM process).
[Package Manager] Cannot connect to Unity Package Manager local server
Mono: successfully reloaded assembly
[Package Manager] Server::EnsureServerProcessIsRunning -- launch failed, reason: Unity was launched with the -noUpm command-line argument
[Package Manager] UpmClient::Send -- Unable to send message (not connected to UPM process).
[Package Manager] Cannot connect to Unity Package Manager local server
- Finished resetting the current domain, in  1.332 seconds
Domain Reload Profiling: 1845ms
	BeginReloadAssembly (155ms)
		ExecutionOrderSort (0ms)
		DisableScriptedObjects (4ms)
		BackupInstance (0ms)
		ReleaseScriptingObjects (0ms)
		CreateAndSetChildDomain (50ms)
	RebuildCommonClasses (30ms)
	RebuildNativeTypeToScriptingClass (8ms)
	initialDomainReloadingComplete (26ms)
	LoadAllAssembliesAndSetupDomain (294ms)
		LoadAssemblies (324ms)
		RebuildTransferFunctionScriptingTraits (0ms)
		AnalyzeDomain (36ms)
			TypeCache.Refresh (8ms)
				TypeCache.ScanAssembly (0ms)
			ScanForSourceGeneratedMonoScriptInfo (0ms)
			ResolveRequiredComponents (26ms)
	FinalizeReload (1332ms)
		ReleaseScriptCaches (0ms)
		RebuildScriptCaches (0ms)
		SetupLoadedEditorAssemblies (585ms)
			LogAssemblyErrors (0ms)
			InitializePlatformSupportModulesInManaged (17ms)
			SetLoadedEditorAssemblies (3ms)
			RefreshPlugins (0ms)
			BeforeProcessingInitializeOnLoad (109ms)
			ProcessInitializeOnLoadAttributes (377ms)
			ProcessInitializeOnLoadMethodAttributes (73ms)
			AfterProcessingInitializeOnLoad (4ms)
			EditorAssembliesLoaded (0ms)
		ExecutionOrderSort2 (0ms)
		AwakeInstancesAfterBackupRestoration (19ms)
Shader 'Oculus/OVRMRCameraFrameLit': fallback shader 'Alpha-Diffuse' not found
Refreshing native plugins compatible for Editor in 27.93 ms, found 20 plugins.
Preloading 2 native plugins for Editor in 0.23 ms.
Unloading 9257 Unused Serialized files (Serialized files now loaded: 0)
Unloading 163 unused Assets / (3.2 MB). Loaded Objects now: 10190.
Memory consumption went from 343.0 MB to 339.8 MB.
Total: 9.619400 ms (FindLiveObjects: 0.738000 ms CreateObjectMapping: 0.681700 ms MarkObjects: 5.909700 ms  DeleteObjects: 2.288500 ms)

Prepare: number of updated asset objects reloaded= 0
AssetImportParameters requested are different than current active one (requested -> active):
  custom:container-demuxer-ogg: 62fdf1f143b41e24485cea50d1cbac27 -> 
  custom:framework-win-MediaFoundation: 216162199b28c13a410421893ffa2e32 -> 
  custom:container-muxer-webm: aa71ff27fc2769a1b78a27578f13a17b -> 
  custom:video-decoder-webm-vp8: 9c59270c3fd7afecdb556c50c9e8de78 -> 
  custom:SearchIndexIgnoredProperties: e643bd26f0fe6173181afceb89e7c659 -> 
  custom:AudioImporter_EditorPlatform: d09bf68614088b80899f8185d706f6e7 -> 
  custom:audio-decoder-ogg-vorbis: bf7c407c2cedff20999df2af8eb42d56 -> 
  custom:audio-encoder-webm-vorbis: bf7c407c2cedff20999df2af8eb42d56 -> 
  custom:video-codec-MediaFoundation-h265: 746d11721c4dcdbdad8f713fa42b33f4 -> 
  custom:video-decoder-ogg-theora: a1e56fd34408186e4bbccfd4996cb3dc -> 
  custom:CustomObjectIndexerAttribute: d54d2f2da18e7612c182cf67624b6b12 -> 
  custom:container-demuxer-webm: 4f35f7cbe854078d1ac9338744f61a02 -> 
  custom:video-encoder-webm-vp8: eb34c28f22e8b96e1ab97ce403110664 -> 
========================================================================
Received Import Request.
  Time since last request: 145.156740 seconds.
  path: Assets/we/02.Map/npc
  artifactKey: Guid(df7048d4d95473240a0e903de4af0d58) Importer(815301076,1909f56bfc062723c751e8b465ee728b)
Start importing Assets/we/02.Map/npc using Guid(df7048d4d95473240a0e903de4af0d58) Importer(815301076,1909f56bfc062723c751e8b465ee728b)  -> (artifact id: 'a7e8c28a16f97783f1a0dcb2018a1d4f') in 0.001570 seconds
Number of updated asset objects reloaded before import = 0
Number of asset objects unloaded after import = 0
========================================================================
Received Import Request.
  Time since last request: 28.336853 seconds.
  path: Assets/we/02.Map/AI NPC_X
  artifactKey: Guid(3c2c5ef3dc4c50c43835de669de9d3bd) Importer(815301076,1909f56bfc062723c751e8b465ee728b)
Start importing Assets/we/02.Map/AI NPC_X using Guid(3c2c5ef3dc4c50c43835de669de9d3bd) Importer(815301076,1909f56bfc062723c751e8b465ee728b)  -> (artifact id: '44ff7f1fba953225815006260f419195') in 0.000442 seconds
Number of updated asset objects reloaded before import = 0
Number of asset objects unloaded after import = 0
========================================================================
Received Prepare
Begin MonoManager ReloadAssembly
Symbol file LoadedFromMemory is not a mono symbol file
Symbol file LoadedFromMemory is not a mono symbol file
Assembly 'Assets/we/02.Map/Tutorial_map/DB/ExternalDependencyManager/Editor/1.2.183/Google.IOSResolver.dll' will not be loaded due to errors:
Unable to resolve reference 'UnityEditor.iOS.Extensions.Xcode'. Is the assembly missing or incompatible with the current platform?
Reference validation can be disabled in the Plugin Inspector.
Symbol file LoadedFromMemory is not a mono symbol file
Symbol file LoadedFromMemory is not a mono symbol file
Symbol file LoadedFromMemory is not a mono symbol file
Symbol file LoadedFromMemory is not a mono symbol file
Symbol file LoadedFromMemory is not a mono symbol file
Assembly 'Assets/we/02.Map/Tutorial_map/DB/Firebase/Editor/Firebase.Editor.dll' will not be loaded due to errors:
Unable to resolve reference 'UnityEditor.iOS.Extensions.Xcode'. Is the assembly missing or incompatible with the current platform?
Reference validation can be disabled in the Plugin Inspector.
- Loaded All Assemblies, in  0.575 seconds
Refreshing native plugins compatible for Editor in 16.37 ms, found 20 plugins.
Native extension for WindowsStandalone target not found
Native extension for Android target not found
[Package Manager] Server::EnsureServerProcessIsRunning -- launch failed, reason: Unity was launched with the -noUpm command-line argument
[Package Manager] UpmClient::Send -- Unable to send message (not connected to UPM process).
[Package Manager] Cannot connect to Unity Package Manager local server
[Package Manager] Server::EnsureServerProcessIsRunning -- launch failed, reason: Unity was launched with the -noUpm command-line argument
[Package Manager] UpmClient::Send -- Unable to send message (not connected to UPM process).
[Package Manager] Cannot connect to Unity Package Manager local server
Mono: successfully reloaded assembly
[Package Manager] Server::EnsureServerProcessIsRunning -- launch failed, reason: Unity was launched with the -noUpm command-line argument
[Package Manager] UpmClient::Send -- Unable to send message (not connected to UPM process).
[Package Manager] Cannot connect to Unity Package Manager local server
- Finished resetting the current domain, in  1.225 seconds
Domain Reload Profiling: 1796ms
	BeginReloadAssembly (151ms)
		ExecutionOrderSort (0ms)
		DisableScriptedObjects (3ms)
		BackupInstance (0ms)
		ReleaseScriptingObjects (0ms)
		CreateAndSetChildDomain (45ms)
	RebuildCommonClasses (31ms)
	RebuildNativeTypeToScriptingClass (8ms)
	initialDomainReloadingComplete (25ms)
	LoadAllAssembliesAndSetupDomain (355ms)
		LoadAssemblies (334ms)
		RebuildTransferFunctionScriptingTraits (0ms)
		AnalyzeDomain (92ms)
			TypeCache.Refresh (20ms)
				TypeCache.ScanAssembly (4ms)
			ScanForSourceGeneratedMonoScriptInfo (42ms)
			ResolveRequiredComponents (29ms)
	FinalizeReload (1226ms)
		ReleaseScriptCaches (0ms)
		RebuildScriptCaches (0ms)
		SetupLoadedEditorAssemblies (548ms)
			LogAssemblyErrors (0ms)
			InitializePlatformSupportModulesInManaged (22ms)
			SetLoadedEditorAssemblies (5ms)
			RefreshPlugins (0ms)
			BeforeProcessingInitializeOnLoad (117ms)
			ProcessInitializeOnLoadAttributes (342ms)
			ProcessInitializeOnLoadMethodAttributes (58ms)
			AfterProcessingInitializeOnLoad (3ms)
			EditorAssembliesLoaded (0ms)
		ExecutionOrderSort2 (0ms)
		AwakeInstancesAfterBackupRestoration (15ms)
Shader 'Oculus/OVRMRCameraFrameLit': fallback shader 'Alpha-Diffuse' not found
Refreshing native plugins compatible for Editor in 28.60 ms, found 20 plugins.
Preloading 2 native plugins for Editor in 0.28 ms.
Unloading 9257 Unused Serialized files (Serialized files now loaded: 0)
Unloading 163 unused Assets / (3.2 MB). Loaded Objects now: 10195.
Memory consumption went from 344.9 MB to 341.8 MB.
Total: 9.235400 ms (FindLiveObjects: 0.663500 ms CreateObjectMapping: 0.653900 ms MarkObjects: 5.567500 ms  DeleteObjects: 2.348400 ms)

Prepare: number of updated asset objects reloaded= 0
AssetImportParameters requested are different than current active one (requested -> active):
  custom:container-demuxer-ogg: 62fdf1f143b41e24485cea50d1cbac27 -> 
  custom:framework-win-MediaFoundation: 216162199b28c13a410421893ffa2e32 -> 
  custom:container-muxer-webm: aa71ff27fc2769a1b78a27578f13a17b -> 
  custom:video-decoder-webm-vp8: 9c59270c3fd7afecdb556c50c9e8de78 -> 
  custom:SearchIndexIgnoredProperties: e643bd26f0fe6173181afceb89e7c659 -> 
  custom:AudioImporter_EditorPlatform: d09bf68614088b80899f8185d706f6e7 -> 
  custom:audio-decoder-ogg-vorbis: bf7c407c2cedff20999df2af8eb42d56 -> 
  custom:audio-encoder-webm-vorbis: bf7c407c2cedff20999df2af8eb42d56 -> 
  custom:video-codec-MediaFoundation-h265: 746d11721c4dcdbdad8f713fa42b33f4 -> 
  custom:video-decoder-ogg-theora: a1e56fd34408186e4bbccfd4996cb3dc -> 
  custom:CustomObjectIndexerAttribute: d54d2f2da18e7612c182cf67624b6b12 -> 
  custom:container-demuxer-webm: 4f35f7cbe854078d1ac9338744f61a02 -> 
  custom:video-encoder-webm-vp8: eb34c28f22e8b96e1ab97ce403110664 -> 
========================================================================
Received Import Request.
  Time since last request: 61.405057 seconds.
  path: Assets/we/02.Map/AI_Mapping
  artifactKey: Guid(df7048d4d95473240a0e903de4af0d58) Importer(815301076,1909f56bfc062723c751e8b465ee728b)
Start importing Assets/we/02.Map/AI_Mapping using Guid(df7048d4d95473240a0e903de4af0d58) Importer(815301076,1909f56bfc062723c751e8b465ee728b)  -> (artifact id: '18908c642daf454d19dd841d9ab0a586') in 0.002366 seconds
Number of updated asset objects reloaded before import = 0
Number of asset objects unloaded after import = 0
========================================================================
Received Prepare
Begin MonoManager ReloadAssembly
Symbol file LoadedFromMemory is not a mono symbol file
Symbol file LoadedFromMemory is not a mono symbol file
Assembly 'Assets/we/02.Map/Tutorial_map/DB/ExternalDependencyManager/Editor/1.2.183/Google.IOSResolver.dll' will not be loaded due to errors:
Unable to resolve reference 'UnityEditor.iOS.Extensions.Xcode'. Is the assembly missing or incompatible with the current platform?
Reference validation can be disabled in the Plugin Inspector.
Symbol file LoadedFromMemory is not a mono symbol file
Symbol file LoadedFromMemory is not a mono symbol file
Symbol file LoadedFromMemory is not a mono symbol file
Symbol file LoadedFromMemory is not a mono symbol file
Symbol file LoadedFromMemory is not a mono symbol file
Assembly 'Assets/we/02.Map/Tutorial_map/DB/Firebase/Editor/Firebase.Editor.dll' will not be loaded due to errors:
Unable to resolve reference 'UnityEditor.iOS.Extensions.Xcode'. Is the assembly missing or incompatible with the current platform?
Reference validation can be disabled in the Plugin Inspector.
- Loaded All Assemblies, in  0.552 seconds
Refreshing native plugins compatible for Editor in 19.49 ms, found 20 plugins.
Native extension for WindowsStandalone target not found
Native extension for Android target not found
[Package Manager] Server::EnsureServerProcessIsRunning -- launch failed, reason: Unity was launched with the -noUpm command-line argument
[Package Manager] UpmClient::Send -- Unable to send message (not connected to UPM process).
[Package Manager] Cannot connect to Unity Package Manager local server
[Package Manager] Server::EnsureServerProcessIsRunning -- launch failed, reason: Unity was launched with the -noUpm command-line argument
[Package Manager] UpmClient::Send -- Unable to send message (not connected to UPM process).
[Package Manager] Cannot connect to Unity Package Manager local server
Mono: successfully reloaded assembly
[Package Manager] Server::EnsureServerProcessIsRunning -- launch failed, reason: Unity was launched with the -noUpm command-line argument
[Package Manager] UpmClient::Send -- Unable to send message (not connected to UPM process).
[Package Manager] Cannot connect to Unity Package Manager local server
- Finished resetting the current domain, in  1.257 seconds
Domain Reload Profiling: 1807ms
	BeginReloadAssembly (137ms)
		ExecutionOrderSort (0ms)
		DisableScriptedObjects (4ms)
		BackupInstance (0ms)
		ReleaseScriptingObjects (0ms)
		CreateAndSetChildDomain (37ms)
	RebuildCommonClasses (26ms)
	RebuildNativeTypeToScriptingClass (9ms)
	initialDomainReloadingComplete (28ms)
	LoadAllAssembliesAndSetupDomain (348ms)
		LoadAssemblies (327ms)
		RebuildTransferFunctionScriptingTraits (0ms)
		AnalyzeDomain (86ms)
			TypeCache.Refresh (19ms)
				TypeCache.ScanAssembly (5ms)
			ScanForSourceGeneratedMonoScriptInfo (42ms)
			ResolveRequiredComponents (23ms)
	FinalizeReload (1258ms)
		ReleaseScriptCaches (0ms)
		RebuildScriptCaches (0ms)
		SetupLoadedEditorAssemblies (543ms)
			LogAssemblyErrors (0ms)
			InitializePlatformSupportModulesInManaged (21ms)
			SetLoadedEditorAssemblies (4ms)
			RefreshPlugins (0ms)
			BeforeProcessingInitializeOnLoad (100ms)
			ProcessInitializeOnLoadAttributes (349ms)
			ProcessInitializeOnLoadMethodAttributes (64ms)
			AfterProcessingInitializeOnLoad (5ms)
			EditorAssembliesLoaded (1ms)
		ExecutionOrderSort2 (0ms)
		AwakeInstancesAfterBackupRestoration (15ms)
Shader 'Oculus/OVRMRCameraFrameLit': fallback shader 'Alpha-Diffuse' not found
Refreshing native plugins compatible for Editor in 23.05 ms, found 20 plugins.
Preloading 2 native plugins for Editor in 0.18 ms.
Unloading 9257 Unused Serialized files (Serialized files now loaded: 0)
Unloading 163 unused Assets / (3.2 MB). Loaded Objects now: 10200.
Memory consumption went from 346.9 MB to 343.7 MB.
Total: 9.407100 ms (FindLiveObjects: 0.829600 ms CreateObjectMapping: 0.691000 ms MarkObjects: 5.780700 ms  DeleteObjects: 2.103700 ms)

Prepare: number of updated asset objects reloaded= 0
AssetImportParameters requested are different than current active one (requested -> active):
  custom:container-demuxer-ogg: 62fdf1f143b41e24485cea50d1cbac27 -> 
  custom:framework-win-MediaFoundation: 216162199b28c13a410421893ffa2e32 -> 
  custom:container-muxer-webm: aa71ff27fc2769a1b78a27578f13a17b -> 
  custom:video-decoder-webm-vp8: 9c59270c3fd7afecdb556c50c9e8de78 -> 
  custom:SearchIndexIgnoredProperties: e643bd26f0fe6173181afceb89e7c659 -> 
  custom:AudioImporter_EditorPlatform: d09bf68614088b80899f8185d706f6e7 -> 
  custom:audio-decoder-ogg-vorbis: bf7c407c2cedff20999df2af8eb42d56 -> 
  custom:audio-encoder-webm-vorbis: bf7c407c2cedff20999df2af8eb42d56 -> 
  custom:video-codec-MediaFoundation-h265: 746d11721c4dcdbdad8f713fa42b33f4 -> 
  custom:video-decoder-ogg-theora: a1e56fd34408186e4bbccfd4996cb3dc -> 
  custom:CustomObjectIndexerAttribute: d54d2f2da18e7612c182cf67624b6b12 -> 
  custom:container-demuxer-webm: 4f35f7cbe854078d1ac9338744f61a02 -> 
  custom:video-encoder-webm-vp8: eb34c28f22e8b96e1ab97ce403110664 -> 
========================================================================
Received Import Request.
  Time since last request: 25.833926 seconds.
  path: Assets/we/02.Map/AI_Mapping/Scenes
  artifactKey: Guid(cc7a0df98878e21438c07e002141aea6) Importer(815301076,1909f56bfc062723c751e8b465ee728b)
Start importing Assets/we/02.Map/AI_Mapping/Scenes using Guid(cc7a0df98878e21438c07e002141aea6) Importer(815301076,1909f56bfc062723c751e8b465ee728b)  -> (artifact id: 'e5b3b940c46f0565cd888b7cb40c99e9') in 0.002216 seconds
Number of updated asset objects reloaded before import = 0
Number of asset objects unloaded after import = 0
========================================================================
Received Prepare
Begin MonoManager ReloadAssembly
Symbol file LoadedFromMemory is not a mono symbol file
Symbol file LoadedFromMemory is not a mono symbol file
Assembly 'Assets/we/02.Map/Tutorial_map/DB/ExternalDependencyManager/Editor/1.2.183/Google.IOSResolver.dll' will not be loaded due to errors:
Unable to resolve reference 'UnityEditor.iOS.Extensions.Xcode'. Is the assembly missing or incompatible with the current platform?
Reference validation can be disabled in the Plugin Inspector.
Symbol file LoadedFromMemory is not a mono symbol file
Symbol file LoadedFromMemory is not a mono symbol file
Symbol file LoadedFromMemory is not a mono symbol file
Symbol file LoadedFromMemory is not a mono symbol file
Symbol file LoadedFromMemory is not a mono symbol file
Assembly 'Assets/we/02.Map/Tutorial_map/DB/Firebase/Editor/Firebase.Editor.dll' will not be loaded due to errors:
Unable to resolve reference 'UnityEditor.iOS.Extensions.Xcode'. Is the assembly missing or incompatible with the current platform?
Reference validation can be disabled in the Plugin Inspector.
- Loaded All Assemblies, in  0.560 seconds
Refreshing native plugins compatible for Editor in 18.18 ms, found 20 plugins.
Native extension for WindowsStandalone target not found
Native extension for Android target not found
[Package Manager] Server::EnsureServerProcessIsRunning -- launch failed, reason: Unity was launched with the -noUpm command-line argument
[Package Manager] UpmClient::Send -- Unable to send message (not connected to UPM process).
[Package Manager] Cannot connect to Unity Package Manager local server
[Package Manager] Server::EnsureServerProcessIsRunning -- launch failed, reason: Unity was launched with the -noUpm command-line argument
[Package Manager] UpmClient::Send -- Unable to send message (not connected to UPM process).
[Package Manager] Cannot connect to Unity Package Manager local server
Mono: successfully reloaded assembly
[Package Manager] Server::EnsureServerProcessIsRunning -- launch failed, reason: Unity was launched with the -noUpm command-line argument
[Package Manager] UpmClient::Send -- Unable to send message (not connected to UPM process).
[Package Manager] Cannot connect to Unity Package Manager local server
- Finished resetting the current domain, in  1.370 seconds
Domain Reload Profiling: 1927ms
	BeginReloadAssembly (151ms)
		ExecutionOrderSort (0ms)
		DisableScriptedObjects (3ms)
		BackupInstance (0ms)
		ReleaseScriptingObjects (0ms)
		CreateAndSetChildDomain (49ms)
	RebuildCommonClasses (27ms)
	RebuildNativeTypeToScriptingClass (8ms)
	initialDomainReloadingComplete (28ms)
	LoadAllAssembliesAndSetupDomain (342ms)
		LoadAssemblies (327ms)
		RebuildTransferFunctionScriptingTraits (0ms)
		AnalyzeDomain (83ms)
			TypeCache.Refresh (17ms)
				TypeCache.ScanAssembly (4ms)
			ScanForSourceGeneratedMonoScriptInfo (41ms)
			ResolveRequiredComponents (23ms)
	FinalizeReload (1370ms)
		ReleaseScriptCaches (0ms)
		RebuildScriptCaches (0ms)
		SetupLoadedEditorAssemblies (593ms)
			LogAssemblyErrors (0ms)
			InitializePlatformSupportModulesInManaged (20ms)
			SetLoadedEditorAssemblies (4ms)
			RefreshPlugins (0ms)
			BeforeProcessingInitializeOnLoad (103ms)
			ProcessInitializeOnLoadAttributes (377ms)
			ProcessInitializeOnLoadMethodAttributes (83ms)
			AfterProcessingInitializeOnLoad (4ms)
			EditorAssembliesLoaded (1ms)
		ExecutionOrderSort2 (0ms)
		AwakeInstancesAfterBackupRestoration (23ms)
Shader 'Oculus/OVRMRCameraFrameLit': fallback shader 'Alpha-Diffuse' not found
Refreshing native plugins compatible for Editor in 27.01 ms, found 20 plugins.
Preloading 2 native plugins for Editor in 0.18 ms.
Unloading 9257 Unused Serialized files (Serialized files now loaded: 0)
Unloading 163 unused Assets / (3.0 MB). Loaded Objects now: 10205.
Memory consumption went from 348.7 MB to 345.6 MB.
Total: 11.788900 ms (FindLiveObjects: 1.267200 ms CreateObjectMapping: 0.897800 ms MarkObjects: 7.277900 ms  DeleteObjects: 2.343900 ms)

Prepare: number of updated asset objects reloaded= 0
AssetImportParameters requested are different than current active one (requested -> active):
  custom:container-demuxer-ogg: 62fdf1f143b41e24485cea50d1cbac27 -> 
  custom:framework-win-MediaFoundation: 216162199b28c13a410421893ffa2e32 -> 
  custom:container-muxer-webm: aa71ff27fc2769a1b78a27578f13a17b -> 
  custom:video-decoder-webm-vp8: 9c59270c3fd7afecdb556c50c9e8de78 -> 
  custom:SearchIndexIgnoredProperties: e643bd26f0fe6173181afceb89e7c659 -> 
  custom:AudioImporter_EditorPlatform: d09bf68614088b80899f8185d706f6e7 -> 
  custom:audio-decoder-ogg-vorbis: bf7c407c2cedff20999df2af8eb42d56 -> 
  custom:audio-encoder-webm-vorbis: bf7c407c2cedff20999df2af8eb42d56 -> 
  custom:video-codec-MediaFoundation-h265: 746d11721c4dcdbdad8f713fa42b33f4 -> 
  custom:video-decoder-ogg-theora: a1e56fd34408186e4bbccfd4996cb3dc -> 
  custom:CustomObjectIndexerAttribute: d54d2f2da18e7612c182cf67624b6b12 -> 
  custom:container-demuxer-webm: 4f35f7cbe854078d1ac9338744f61a02 -> 
  custom:video-encoder-webm-vp8: eb34c28f22e8b96e1ab97ce403110664 -> 
========================================================================
Received Import Request.
  Time since last request: 49.431010 seconds.
  path: Assets/we/02.Map/AI_List
  artifactKey: Guid(3c5d997dae3381b42a473dd7c6381ddb) Importer(815301076,1909f56bfc062723c751e8b465ee728b)
Start importing Assets/we/02.Map/AI_List using Guid(3c5d997dae3381b42a473dd7c6381ddb) Importer(815301076,1909f56bfc062723c751e8b465ee728b)  -> (artifact id: 'a3fd300f6fd0c0b48b83b8ce3d32fece') in 0.002319 seconds
Number of updated asset objects reloaded before import = 0
Number of asset objects unloaded after import = 0
========================================================================
Received Prepare
Begin MonoManager ReloadAssembly
Symbol file LoadedFromMemory is not a mono symbol file
Symbol file LoadedFromMemory is not a mono symbol file
Assembly 'Assets/we/02.Map/Tutorial_map/DB/ExternalDependencyManager/Editor/1.2.183/Google.IOSResolver.dll' will not be loaded due to errors:
Unable to resolve reference 'UnityEditor.iOS.Extensions.Xcode'. Is the assembly missing or incompatible with the current platform?
Reference validation can be disabled in the Plugin Inspector.
Symbol file LoadedFromMemory is not a mono symbol file
Symbol file LoadedFromMemory is not a mono symbol file
Symbol file LoadedFromMemory is not a mono symbol file
Symbol file LoadedFromMemory is not a mono symbol file
Symbol file LoadedFromMemory is not a mono symbol file
Assembly 'Assets/we/02.Map/Tutorial_map/DB/Firebase/Editor/Firebase.Editor.dll' will not be loaded due to errors:
Unable to resolve reference 'UnityEditor.iOS.Extensions.Xcode'. Is the assembly missing or incompatible with the current platform?
Reference validation can be disabled in the Plugin Inspector.
- Loaded All Assemblies, in  0.524 seconds
Refreshing native plugins compatible for Editor in 16.75 ms, found 20 plugins.
Native extension for WindowsStandalone target not found
Native extension for Android target not found
[Package Manager] Server::EnsureServerProcessIsRunning -- launch failed, reason: Unity was launched with the -noUpm command-line argument
[Package Manager] UpmClient::Send -- Unable to send message (not connected to UPM process).
[Package Manager] Cannot connect to Unity Package Manager local server
[Package Manager] Server::EnsureServerProcessIsRunning -- launch failed, reason: Unity was launched with the -noUpm command-line argument
[Package Manager] UpmClient::Send -- Unable to send message (not connected to UPM process).
[Package Manager] Cannot connect to Unity Package Manager local server
Mono: successfully reloaded assembly
[Package Manager] Server::EnsureServerProcessIsRunning -- launch failed, reason: Unity was launched with the -noUpm command-line argument
[Package Manager] UpmClient::Send -- Unable to send message (not connected to UPM process).
[Package Manager] Cannot connect to Unity Package Manager local server
- Finished resetting the current domain, in  1.286 seconds
Domain Reload Profiling: 1808ms
	BeginReloadAssembly (136ms)
		ExecutionOrderSort (0ms)
		DisableScriptedObjects (3ms)
		BackupInstance (0ms)
		ReleaseScriptingObjects (0ms)
		CreateAndSetChildDomain (38ms)
	RebuildCommonClasses (28ms)
	RebuildNativeTypeToScriptingClass (8ms)
	initialDomainReloadingComplete (26ms)
	LoadAllAssembliesAndSetupDomain (323ms)
		LoadAssemblies (299ms)
		RebuildTransferFunctionScriptingTraits (0ms)
		AnalyzeDomain (87ms)
			TypeCache.Refresh (18ms)
				TypeCache.ScanAssembly (4ms)
			ScanForSourceGeneratedMonoScriptInfo (37ms)
			ResolveRequiredComponents (29ms)
	FinalizeReload (1287ms)
		ReleaseScriptCaches (0ms)
		RebuildScriptCaches (0ms)
		SetupLoadedEditorAssemblies (562ms)
			LogAssemblyErrors (0ms)
			InitializePlatformSupportModulesInManaged (24ms)
			SetLoadedEditorAssemblies (5ms)
			RefreshPlugins (0ms)
			BeforeProcessingInitializeOnLoad (113ms)
			ProcessInitializeOnLoadAttributes (350ms)
			ProcessInitializeOnLoadMethodAttributes (65ms)
			AfterProcessingInitializeOnLoad (5ms)
			EditorAssembliesLoaded (0ms)
		ExecutionOrderSort2 (0ms)
		AwakeInstancesAfterBackupRestoration (20ms)
Shader 'Oculus/OVRMRCameraFrameLit': fallback shader 'Alpha-Diffuse' not found
Refreshing native plugins compatible for Editor in 23.48 ms, found 20 plugins.
Preloading 2 native plugins for Editor in 0.23 ms.
Unloading 9257 Unused Serialized files (Serialized files now loaded: 0)
Unloading 163 unused Assets / (3.2 MB). Loaded Objects now: 10210.
Memory consumption went from 350.7 MB to 347.6 MB.
Total: 9.679100 ms (FindLiveObjects: 0.659700 ms CreateObjectMapping: 0.973500 ms MarkObjects: 5.816400 ms  DeleteObjects: 2.228100 ms)

Prepare: number of updated asset objects reloaded= 0
AssetImportParameters requested are different than current active one (requested -> active):
  custom:container-demuxer-ogg: 62fdf1f143b41e24485cea50d1cbac27 -> 
  custom:framework-win-MediaFoundation: 216162199b28c13a410421893ffa2e32 -> 
  custom:container-muxer-webm: aa71ff27fc2769a1b78a27578f13a17b -> 
  custom:video-decoder-webm-vp8: 9c59270c3fd7afecdb556c50c9e8de78 -> 
  custom:SearchIndexIgnoredProperties: e643bd26f0fe6173181afceb89e7c659 -> 
  custom:AudioImporter_EditorPlatform: d09bf68614088b80899f8185d706f6e7 -> 
  custom:audio-decoder-ogg-vorbis: bf7c407c2cedff20999df2af8eb42d56 -> 
  custom:audio-encoder-webm-vorbis: bf7c407c2cedff20999df2af8eb42d56 -> 
  custom:video-codec-MediaFoundation-h265: 746d11721c4dcdbdad8f713fa42b33f4 -> 
  custom:video-decoder-ogg-theora: a1e56fd34408186e4bbccfd4996cb3dc -> 
  custom:CustomObjectIndexerAttribute: d54d2f2da18e7612c182cf67624b6b12 -> 
  custom:container-demuxer-webm: 4f35f7cbe854078d1ac9338744f61a02 -> 
  custom:video-encoder-webm-vp8: eb34c28f22e8b96e1ab97ce403110664 -> 
