Using pre-set license
Built from '2022.3/release' branch; Version is '2022.3.12f1 (4fe6e059c7ef) revision 5236448'; Using compiler version '192829333'; Build Type 'Release'
OS: 'Windows 11  (10.0.26100) 64bit Core' Language: 'ko' Physical Memory: 32609 MB
BatchMode: 1, IsHumanControllingUs: 0, StartBugReporterOnCrash: 0, Is64bit: 1, IsPro: 1

COMMAND LINE ARGUMENTS:
C:\Program Files\Unity\Hub\Editor\2022.3.12f1\Editor\Unity.exe
-adb2
-batchMode
-noUpm
-name
AssetImportWorker0
-projectPath
C:/GitHub_JorJack/VR
-logFile
Logs/AssetImportWorker0.log
-srvPort
1489
Successfully changed project path to: C:/GitHub_JorJack/VR
C:/GitHub_JorJack/VR
[UnityMemory] Configuration Parameters - Can be set up in boot.config
    "memorysetup-bucket-allocator-granularity=16"
    "memorysetup-bucket-allocator-bucket-count=8"
    "memorysetup-bucket-allocator-block-size=33554432"
    "memorysetup-bucket-allocator-block-count=8"
    "memorysetup-main-allocator-block-size=16777216"
    "memorysetup-thread-allocator-block-size=16777216"
    "memorysetup-gfx-main-allocator-block-size=16777216"
    "memorysetup-gfx-thread-allocator-block-size=16777216"
    "memorysetup-cache-allocator-block-size=4194304"
    "memorysetup-typetree-allocator-block-size=2097152"
    "memorysetup-profiler-bucket-allocator-granularity=16"
    "memorysetup-profiler-bucket-allocator-bucket-count=8"
    "memorysetup-profiler-bucket-allocator-block-size=33554432"
    "memorysetup-profiler-bucket-allocator-block-count=8"
    "memorysetup-profiler-allocator-block-size=16777216"
    "memorysetup-profiler-editor-allocator-block-size=1048576"
    "memorysetup-temp-allocator-size-main=16777216"
    "memorysetup-job-temp-allocator-block-size=2097152"
    "memorysetup-job-temp-allocator-block-size-background=1048576"
    "memorysetup-job-temp-allocator-reduction-small-platforms=262144"
    "memorysetup-allocator-temp-initial-block-size-main=262144"
    "memorysetup-allocator-temp-initial-block-size-worker=262144"
    "memorysetup-temp-allocator-size-background-worker=32768"
    "memorysetup-temp-allocator-size-job-worker=262144"
    "memorysetup-temp-allocator-size-preload-manager=33554432"
    "memorysetup-temp-allocator-size-nav-mesh-worker=65536"
    "memorysetup-temp-allocator-size-audio-worker=65536"
    "memorysetup-temp-allocator-size-cloud-worker=32768"
    "memorysetup-temp-allocator-size-gi-baking-worker=262144"
    "memorysetup-temp-allocator-size-gfx=262144"
Player connection [10508] Host "[IP] 192.168.219.103 [Port] 0 [Flags] 2 [Guid] 1871431403 [EditorId] 1871431403 [Version] 1048832 [Id] WindowsEditor(7,DESKTOP-382ULNV) [Debug] 1 [PackageName] WindowsEditor [ProjectName] Editor" joined multi-casting on [225.0.0.222:54997]...

Player connection [10508] Host "[IP] 192.168.219.103 [Port] 0 [Flags] 2 [Guid] 1871431403 [EditorId] 1871431403 [Version] 1048832 [Id] WindowsEditor(7,DESKTOP-382ULNV) [Debug] 1 [PackageName] WindowsEditor [ProjectName] Editor" joined alternative multi-casting on [225.0.0.222:34997]...

[Physics::Module] Initialized MultithreadedJobDispatcher with 11 workers.
Refreshing native plugins compatible for Editor in 32.04 ms, found 20 plugins.
Preloading 2 native plugins for Editor in 2.50 ms.
Initialize engine version: 2022.3.12f1 (4fe6e059c7ef)
[Subsystems] Discovering subsystems at path C:/Program Files/Unity/Hub/Editor/2022.3.12f1/Editor/Data/Resources/UnitySubsystems
[Subsystems] Discovering subsystems at path C:/GitHub_JorJack/VR/Assets
GfxDevice: creating device client; threaded=0; jobified=0
Direct3D:
    Version:  Direct3D 11.0 [level 11.1]
    Renderer: NVIDIA GeForce RTX 3070 Ti (ID=0x2482)
    Vendor:   NVIDIA
    VRAM:     8018 MB
    Driver:   32.0.15.7216
Shader 'Oculus/OVRMRCameraFrameLit': fallback shader 'Alpha-Diffuse' not found
Initialize mono
Mono path[0] = 'C:/Program Files/Unity/Hub/Editor/2022.3.12f1/Editor/Data/Managed'
Mono path[1] = 'C:/Program Files/Unity/Hub/Editor/2022.3.12f1/Editor/Data/MonoBleedingEdge/lib/mono/unityjit-win32'
Mono config path = 'C:/Program Files/Unity/Hub/Editor/2022.3.12f1/Editor/Data/MonoBleedingEdge/etc'
Using monoOptions --debugger-agent=transport=dt_socket,embedding=1,server=y,suspend=n,address=127.0.0.1:56092
Begin MonoManager ReloadAssembly
Registering precompiled unity dll's ...
Register platform support module: C:/Program Files/Unity/Hub/Editor/2022.3.12f1/Editor/Data/PlaybackEngines/AndroidPlayer/UnityEditor.Android.Extensions.dll
Register platform support module: C:/Program Files/Unity/Hub/Editor/2022.3.12f1/Editor/Data/PlaybackEngines/WindowsStandaloneSupport/UnityEditor.WindowsStandalone.Extensions.dll
Registered in 0.006089 seconds.
- Loaded All Assemblies, in  0.307 seconds
Native extension for WindowsStandalone target not found
Native extension for Android target not found
Android Extension - Scanning For ADB Devices 217 ms
Mono: successfully reloaded assembly
- Finished resetting the current domain, in  0.492 seconds
Domain Reload Profiling: 798ms
	BeginReloadAssembly (94ms)
		ExecutionOrderSort (0ms)
		DisableScriptedObjects (0ms)
		BackupInstance (0ms)
		ReleaseScriptingObjects (0ms)
		CreateAndSetChildDomain (1ms)
	RebuildCommonClasses (29ms)
	RebuildNativeTypeToScriptingClass (10ms)
	initialDomainReloadingComplete (50ms)
	LoadAllAssembliesAndSetupDomain (123ms)
		LoadAssemblies (93ms)
		RebuildTransferFunctionScriptingTraits (0ms)
		AnalyzeDomain (121ms)
			TypeCache.Refresh (120ms)
				TypeCache.ScanAssembly (109ms)
			ScanForSourceGeneratedMonoScriptInfo (0ms)
			ResolveRequiredComponents (0ms)
	FinalizeReload (493ms)
		ReleaseScriptCaches (0ms)
		RebuildScriptCaches (0ms)
		SetupLoadedEditorAssemblies (447ms)
			LogAssemblyErrors (0ms)
			InitializePlatformSupportModulesInManaged (317ms)
			SetLoadedEditorAssemblies (3ms)
			RefreshPlugins (0ms)
			BeforeProcessingInitializeOnLoad (2ms)
			ProcessInitializeOnLoadAttributes (84ms)
			ProcessInitializeOnLoadMethodAttributes (41ms)
			AfterProcessingInitializeOnLoad (0ms)
			EditorAssembliesLoaded (0ms)
		ExecutionOrderSort2 (0ms)
		AwakeInstancesAfterBackupRestoration (0ms)
========================================================================
Worker process is ready to serve import requests
Begin MonoManager ReloadAssembly
Symbol file LoadedFromMemory is not a mono symbol file
Symbol file LoadedFromMemory is not a mono symbol file
Assembly 'Assets/we/02.Map/Tutorial_map/DB/ExternalDependencyManager/Editor/1.2.183/Google.IOSResolver.dll' will not be loaded due to errors:
Unable to resolve reference 'UnityEditor.iOS.Extensions.Xcode'. Is the assembly missing or incompatible with the current platform?
Reference validation can be disabled in the Plugin Inspector.
Symbol file LoadedFromMemory is not a mono symbol file
Symbol file LoadedFromMemory is not a mono symbol file
Symbol file LoadedFromMemory is not a mono symbol file
Symbol file LoadedFromMemory is not a mono symbol file
Symbol file LoadedFromMemory is not a mono symbol file
Assembly 'Assets/we/02.Map/Tutorial_map/DB/Firebase/Editor/Firebase.Editor.dll' will not be loaded due to errors:
Unable to resolve reference 'UnityEditor.iOS.Extensions.Xcode'. Is the assembly missing or incompatible with the current platform?
Reference validation can be disabled in the Plugin Inspector.
- Loaded All Assemblies, in  0.826 seconds
Refreshing native plugins compatible for Editor in 19.24 ms, found 20 plugins.
Native extension for WindowsStandalone target not found
Native extension for Android target not found
Package Manager log level set to [2]
[Package Manager] Server::EnsureServerProcessIsRunning -- launch failed, reason: Unity was launched with the -noUpm command-line argument
[Package Manager] UpmClient::Send -- Unable to send message (not connected to UPM process).
[Package Manager] Cannot connect to Unity Package Manager local server
[Package Manager] Server::EnsureServerProcessIsRunning -- launch failed, reason: Unity was launched with the -noUpm command-line argument
[Package Manager] UpmClient::Send -- Unable to send message (not connected to UPM process).
[Package Manager] Cannot connect to Unity Package Manager local server
[XR] OculusXRPlugin: registering subsystems
[XR] Unable to register display lifecyle provider: [1]
[XR] Oculus Input lifecycle provider registered.
[XR] Unable to register input lifecyle provider: [1]
[XR] OVRP version 1.89.1
Mono: successfully reloaded assembly
[Package Manager] Server::EnsureServerProcessIsRunning -- launch failed, reason: Unity was launched with the -noUpm command-line argument
[Package Manager] UpmClient::Send -- Unable to send message (not connected to UPM process).
[Package Manager] Cannot connect to Unity Package Manager local server
[Package Manager] Server::EnsureServerProcessIsRunning -- launch failed, reason: Unity was launched with the -noUpm command-line argument
[Package Manager] UpmClient::Send -- Unable to send message (not connected to UPM process).
[Package Manager] Cannot connect to Unity Package Manager local server
- Finished resetting the current domain, in  0.923 seconds
Domain Reload Profiling: 1745ms
	BeginReloadAssembly (123ms)
		ExecutionOrderSort (0ms)
		DisableScriptedObjects (6ms)
		BackupInstance (0ms)
		ReleaseScriptingObjects (0ms)
		CreateAndSetChildDomain (18ms)
	RebuildCommonClasses (30ms)
	RebuildNativeTypeToScriptingClass (9ms)
	initialDomainReloadingComplete (39ms)
	LoadAllAssembliesAndSetupDomain (621ms)
		LoadAssemblies (388ms)
		RebuildTransferFunctionScriptingTraits (0ms)
		AnalyzeDomain (303ms)
			TypeCache.Refresh (240ms)
				TypeCache.ScanAssembly (217ms)
			ScanForSourceGeneratedMonoScriptInfo (42ms)
			ResolveRequiredComponents (20ms)
	FinalizeReload (924ms)
		ReleaseScriptCaches (0ms)
		RebuildScriptCaches (0ms)
		SetupLoadedEditorAssemblies (682ms)
			LogAssemblyErrors (0ms)
			InitializePlatformSupportModulesInManaged (21ms)
			SetLoadedEditorAssemblies (6ms)
			RefreshPlugins (0ms)
			BeforeProcessingInitializeOnLoad (112ms)
			ProcessInitializeOnLoadAttributes (462ms)
			ProcessInitializeOnLoadMethodAttributes (76ms)
			AfterProcessingInitializeOnLoad (4ms)
			EditorAssembliesLoaded (0ms)
		ExecutionOrderSort2 (0ms)
		AwakeInstancesAfterBackupRestoration (5ms)
Shader 'Oculus/OVRMRCameraFrameLit': fallback shader 'Alpha-Diffuse' not found
Launched and connected shader compiler UnityShaderCompiler.exe after 0.04 seconds
Refreshing native plugins compatible for Editor in 29.55 ms, found 20 plugins.
Preloading 2 native plugins for Editor in 0.16 ms.
Unloading 9572 Unused Serialized files (Serialized files now loaded: 0)
Unloading 210 unused Assets / (3.1 MB). Loaded Objects now: 9948.
Memory consumption went from 389.6 MB to 386.5 MB.
Total: 10.345300 ms (FindLiveObjects: 1.033100 ms CreateObjectMapping: 0.750800 ms MarkObjects: 6.510500 ms  DeleteObjects: 2.048800 ms)

AssetImportParameters requested are different than current active one (requested -> active):
  custom:container-demuxer-ogg: 62fdf1f143b41e24485cea50d1cbac27 -> 
  custom:framework-win-MediaFoundation: 216162199b28c13a410421893ffa2e32 -> 
  custom:container-muxer-webm: aa71ff27fc2769a1b78a27578f13a17b -> 
  custom:video-decoder-webm-vp8: 9c59270c3fd7afecdb556c50c9e8de78 -> 
  custom:SearchIndexIgnoredProperties: e643bd26f0fe6173181afceb89e7c659 -> 
  custom:AudioImporter_EditorPlatform: d09bf68614088b80899f8185d706f6e7 -> 
  custom:audio-decoder-ogg-vorbis: bf7c407c2cedff20999df2af8eb42d56 -> 
  custom:audio-encoder-webm-vorbis: bf7c407c2cedff20999df2af8eb42d56 -> 
  custom:video-codec-MediaFoundation-h265: 746d11721c4dcdbdad8f713fa42b33f4 -> 
  custom:video-decoder-ogg-theora: a1e56fd34408186e4bbccfd4996cb3dc -> 
  custom:CustomObjectIndexerAttribute: d54d2f2da18e7612c182cf67624b6b12 -> 
  custom:container-demuxer-webm: 4f35f7cbe854078d1ac9338744f61a02 -> 
  custom:video-encoder-webm-vp8: eb34c28f22e8b96e1ab97ce403110664 -> 
========================================================================
Received Import Request.
  Time since last request: 1122.999807 seconds.
  path: Assets/we/02.Map/Underwater_Deco_1_Han_Test.unity
  artifactKey: Guid(91bf147bf8b202548813336835f8619d) Importer(815301076,1909f56bfc062723c751e8b465ee728b)
Start importing Assets/we/02.Map/Underwater_Deco_1_Han_Test.unity using Guid(91bf147bf8b202548813336835f8619d) Importer(815301076,1909f56bfc062723c751e8b465ee728b)  -> (artifact id: 'ff36c46ee418f4cbb89bd9a685ef331f') in 0.002819 seconds
Number of updated asset objects reloaded before import = 0
Number of asset objects unloaded after import = 0
========================================================================
Received Import Request.
  Time since last request: 124.262328 seconds.
  path: Assets/we/02.Map/Tutorial_map/Hovl Studio/Magic effects pack/Textures/Circle2.png
  artifactKey: Guid(cb15b7c714c56904eb8628c669fd8aa7) Importer(815301076,1909f56bfc062723c751e8b465ee728b)
Start importing Assets/we/02.Map/Tutorial_map/Hovl Studio/Magic effects pack/Textures/Circle2.png using Guid(cb15b7c714c56904eb8628c669fd8aa7) Importer(815301076,1909f56bfc062723c751e8b465ee728b)  -> (artifact id: '6eccc04300fafacf83fb7b19a8b67d7f') in 0.048123 seconds
Number of updated asset objects reloaded before import = 0
Number of asset objects unloaded after import = 2
========================================================================
Received Import Request.
  Time since last request: 0.032927 seconds.
  path: Assets/we/02.Map/Tutorial_map/Hovl Studio/Magic effects pack/Textures/Point1.png
  artifactKey: Guid(640e93060c8b460449dc5d4f16193387) Importer(815301076,1909f56bfc062723c751e8b465ee728b)
Start importing Assets/we/02.Map/Tutorial_map/Hovl Studio/Magic effects pack/Textures/Point1.png using Guid(640e93060c8b460449dc5d4f16193387) Importer(815301076,1909f56bfc062723c751e8b465ee728b)  -> (artifact id: '64598a9f4292a282874a072b6fa38bd4') in 0.013519 seconds
Number of updated asset objects reloaded before import = 0
Number of asset objects unloaded after import = 2
========================================================================
Received Import Request.
  Time since last request: 0.014080 seconds.
  path: Assets/we/02.Map/Tutorial_map/03. Images/map_1.png
  artifactKey: Guid(35f888bcb485145558389856702ace7b) Importer(815301076,1909f56bfc062723c751e8b465ee728b)
Start importing Assets/we/02.Map/Tutorial_map/03. Images/map_1.png using Guid(35f888bcb485145558389856702ace7b) Importer(815301076,1909f56bfc062723c751e8b465ee728b)  -> (artifact id: '2d8988decd82cf0d17a25b8a9f084eea') in 0.029649 seconds
Number of updated asset objects reloaded before import = 0
Number of asset objects unloaded after import = 3
========================================================================
Received Import Request.
  Time since last request: 0.015630 seconds.
  path: Assets/we/02.Map/Tutorial_map/03. Images/map_2.png
  artifactKey: Guid(c9c86179c49fd4a2ca5e1a5fdedbb197) Importer(815301076,1909f56bfc062723c751e8b465ee728b)
Start importing Assets/we/02.Map/Tutorial_map/03. Images/map_2.png using Guid(c9c86179c49fd4a2ca5e1a5fdedbb197) Importer(815301076,1909f56bfc062723c751e8b465ee728b)  -> (artifact id: '8e1abef9170bf871c63e9c78fa81ea34') in 0.016799 seconds
Number of updated asset objects reloaded before import = 0
Number of asset objects unloaded after import = 3
========================================================================
Received Import Request.
  Time since last request: 0.021166 seconds.
  path: Assets/we/02.Map/Tutorial_map/Hovl Studio/Magic effects pack/Materials/Circle2.mat
  artifactKey: Guid(8fce5540653d6d8439e52364661e10c9) Importer(815301076,1909f56bfc062723c751e8b465ee728b)
Start importing Assets/we/02.Map/Tutorial_map/Hovl Studio/Magic effects pack/Materials/Circle2.mat using Guid(8fce5540653d6d8439e52364661e10c9) Importer(815301076,1909f56bfc062723c751e8b465ee728b)  -> (artifact id: 'ed448fdcb40c040531db0ef7a994df65') in 0.147695 seconds
Number of updated asset objects reloaded before import = 0
Number of asset objects unloaded after import = 3
========================================================================
Received Import Request.
  Time since last request: 0.054836 seconds.
  path: Assets/we/02.Map/Tutorial_map/Hovl Studio/Magic effects pack/Materials/New Lighting Settings.lighting
  artifactKey: Guid(ed39987be59c5414da74740631922569) Importer(815301076,1909f56bfc062723c751e8b465ee728b)
Start importing Assets/we/02.Map/Tutorial_map/Hovl Studio/Magic effects pack/Materials/New Lighting Settings.lighting using Guid(ed39987be59c5414da74740631922569) Importer(815301076,1909f56bfc062723c751e8b465ee728b)  -> (artifact id: 'a4641ffc0b5f98a1557fedde54ef4cbb') in 0.001035 seconds
Number of updated asset objects reloaded before import = 0
Number of asset objects unloaded after import = 1
========================================================================
Received Import Request.
  Time since last request: 0.015593 seconds.
  path: Assets/we/02.Map/Tutorial_map/03. Images/LogoEffect.png
  artifactKey: Guid(1c619190aede5429da617a1a16d7d956) Importer(815301076,1909f56bfc062723c751e8b465ee728b)
Start importing Assets/we/02.Map/Tutorial_map/03. Images/LogoEffect.png using Guid(1c619190aede5429da617a1a16d7d956) Importer(815301076,1909f56bfc062723c751e8b465ee728b)  -> (artifact id: '1cf914a5a63f8b57a0826f95f3a1e965') in 0.016295 seconds
Number of updated asset objects reloaded before import = 0
Number of asset objects unloaded after import = 3
========================================================================
Received Import Request.
  Time since last request: 0.004684 seconds.
  path: Assets/we/02.Map/Tutorial_map/03. Images/Lock.png
  artifactKey: Guid(5a147bfdc745d4ce2894b74f8c40835c) Importer(815301076,1909f56bfc062723c751e8b465ee728b)
Start importing Assets/we/02.Map/Tutorial_map/03. Images/Lock.png using Guid(5a147bfdc745d4ce2894b74f8c40835c) Importer(815301076,1909f56bfc062723c751e8b465ee728b)  -> (artifact id: 'aaa17c2eda1988503b9fde10a6045f8d') in 0.014275 seconds
Number of updated asset objects reloaded before import = 0
Number of asset objects unloaded after import = 3
========================================================================
Received Import Request.
  Time since last request: 969.445743 seconds.
  path: Assets/Ocean_Han
  artifactKey: Guid(f810ec003edf9864f890db13f66a94bc) Importer(815301076,1909f56bfc062723c751e8b465ee728b)
Start importing Assets/Ocean_Han using Guid(f810ec003edf9864f890db13f66a94bc) Importer(815301076,1909f56bfc062723c751e8b465ee728b)  -> (artifact id: 'aea13f1ed3b392ec5917d7e91c33758c') in 0.000961 seconds
Number of updated asset objects reloaded before import = 0
Number of asset objects unloaded after import = 0
========================================================================
Received Import Request.
  Time since last request: 1.399954 seconds.
  path: Assets/Ocean_Floor
  artifactKey: Guid(2a05eaa4e3630b841b01acad6db25eb2) Importer(815301076,1909f56bfc062723c751e8b465ee728b)
Start importing Assets/Ocean_Floor using Guid(2a05eaa4e3630b841b01acad6db25eb2) Importer(815301076,1909f56bfc062723c751e8b465ee728b)  -> (artifact id: 'acba692c97423ac7400848248e84e501') in 0.000683 seconds
Number of updated asset objects reloaded before import = 0
Number of asset objects unloaded after import = 0
========================================================================
Received Import Request.
  Time since last request: 29.452198 seconds.
  path: Assets/Ocean_Dolphin
  artifactKey: Guid(80d0f385c8c363e498b6f4601dbabbdc) Importer(815301076,1909f56bfc062723c751e8b465ee728b)
Start importing Assets/Ocean_Dolphin using Guid(80d0f385c8c363e498b6f4601dbabbdc) Importer(815301076,1909f56bfc062723c751e8b465ee728b)  -> (artifact id: '049d69e4a26cf723666a56ff2bd94903') in 0.000504 seconds
Number of updated asset objects reloaded before import = 0
Number of asset objects unloaded after import = 0
========================================================================
Received Import Request.
  Time since last request: 13.140555 seconds.
  path: Assets/Ocean_Han/RockFREE/Materials
  artifactKey: Guid(e5216602161ba5a489692e80c0f37731) Importer(815301076,1909f56bfc062723c751e8b465ee728b)
Start importing Assets/Ocean_Han/RockFREE/Materials using Guid(e5216602161ba5a489692e80c0f37731) Importer(815301076,1909f56bfc062723c751e8b465ee728b)  -> (artifact id: '0f999587b5b8afc5cb4e23fbbaeb58b3') in 0.296818 seconds
Number of updated asset objects reloaded before import = 0
Number of asset objects unloaded after import = 0
========================================================================
Received Prepare
Begin MonoManager ReloadAssembly
Symbol file LoadedFromMemory is not a mono symbol file
Symbol file LoadedFromMemory is not a mono symbol file
Assembly 'Assets/we/02.Map/Tutorial_map/DB/ExternalDependencyManager/Editor/1.2.183/Google.IOSResolver.dll' will not be loaded due to errors:
Unable to resolve reference 'UnityEditor.iOS.Extensions.Xcode'. Is the assembly missing or incompatible with the current platform?
Reference validation can be disabled in the Plugin Inspector.
Symbol file LoadedFromMemory is not a mono symbol file
Symbol file LoadedFromMemory is not a mono symbol file
Symbol file LoadedFromMemory is not a mono symbol file
Symbol file LoadedFromMemory is not a mono symbol file
Symbol file LoadedFromMemory is not a mono symbol file
Assembly 'Assets/we/02.Map/Tutorial_map/DB/Firebase/Editor/Firebase.Editor.dll' will not be loaded due to errors:
Unable to resolve reference 'UnityEditor.iOS.Extensions.Xcode'. Is the assembly missing or incompatible with the current platform?
Reference validation can be disabled in the Plugin Inspector.
- Loaded All Assemblies, in  0.572 seconds
Refreshing native plugins compatible for Editor in 17.45 ms, found 20 plugins.
Native extension for WindowsStandalone target not found
Native extension for Android target not found
[Package Manager] Server::EnsureServerProcessIsRunning -- launch failed, reason: Unity was launched with the -noUpm command-line argument
[Package Manager] UpmClient::Send -- Unable to send message (not connected to UPM process).
[Package Manager] Cannot connect to Unity Package Manager local server
[Package Manager] Server::EnsureServerProcessIsRunning -- launch failed, reason: Unity was launched with the -noUpm command-line argument
[Package Manager] UpmClient::Send -- Unable to send message (not connected to UPM process).
[Package Manager] Cannot connect to Unity Package Manager local server
Mono: successfully reloaded assembly
[Package Manager] Server::EnsureServerProcessIsRunning -- launch failed, reason: Unity was launched with the -noUpm command-line argument
[Package Manager] UpmClient::Send -- Unable to send message (not connected to UPM process).
[Package Manager] Cannot connect to Unity Package Manager local server
- Finished resetting the current domain, in  1.286 seconds
Domain Reload Profiling: 1856ms
	BeginReloadAssembly (156ms)
		ExecutionOrderSort (0ms)
		DisableScriptedObjects (9ms)
		BackupInstance (0ms)
		ReleaseScriptingObjects (0ms)
		CreateAndSetChildDomain (49ms)
	RebuildCommonClasses (30ms)
	RebuildNativeTypeToScriptingClass (12ms)
	initialDomainReloadingComplete (26ms)
	LoadAllAssembliesAndSetupDomain (346ms)
		LoadAssemblies (330ms)
		RebuildTransferFunctionScriptingTraits (0ms)
		AnalyzeDomain (81ms)
			TypeCache.Refresh (15ms)
				TypeCache.ScanAssembly (4ms)
			ScanForSourceGeneratedMonoScriptInfo (39ms)
			ResolveRequiredComponents (26ms)
	FinalizeReload (1287ms)
		ReleaseScriptCaches (0ms)
		RebuildScriptCaches (0ms)
		SetupLoadedEditorAssemblies (538ms)
			LogAssemblyErrors (0ms)
			InitializePlatformSupportModulesInManaged (22ms)
			SetLoadedEditorAssemblies (5ms)
			RefreshPlugins (0ms)
			BeforeProcessingInitializeOnLoad (106ms)
			ProcessInitializeOnLoadAttributes (344ms)
			ProcessInitializeOnLoadMethodAttributes (56ms)
			AfterProcessingInitializeOnLoad (4ms)
			EditorAssembliesLoaded (0ms)
		ExecutionOrderSort2 (0ms)
		AwakeInstancesAfterBackupRestoration (17ms)
Shader 'Oculus/OVRMRCameraFrameLit': fallback shader 'Alpha-Diffuse' not found
Refreshing native plugins compatible for Editor in 25.72 ms, found 20 plugins.
Preloading 2 native plugins for Editor in 0.19 ms.
Unloading 9251 Unused Serialized files (Serialized files now loaded: 0)
Unloading 163 unused Assets / (3.1 MB). Loaded Objects now: 10038.
Memory consumption went from 326.6 MB to 323.6 MB.
Total: 9.412200 ms (FindLiveObjects: 0.783900 ms CreateObjectMapping: 0.661900 ms MarkObjects: 5.828400 ms  DeleteObjects: 2.135700 ms)

Prepare: number of updated asset objects reloaded= 0
AssetImportParameters requested are different than current active one (requested -> active):
  custom:container-demuxer-ogg: 62fdf1f143b41e24485cea50d1cbac27 -> 
  custom:framework-win-MediaFoundation: 216162199b28c13a410421893ffa2e32 -> 
  custom:container-muxer-webm: aa71ff27fc2769a1b78a27578f13a17b -> 
  custom:video-decoder-webm-vp8: 9c59270c3fd7afecdb556c50c9e8de78 -> 
  custom:SearchIndexIgnoredProperties: e643bd26f0fe6173181afceb89e7c659 -> 
  custom:AudioImporter_EditorPlatform: d09bf68614088b80899f8185d706f6e7 -> 
  custom:audio-decoder-ogg-vorbis: bf7c407c2cedff20999df2af8eb42d56 -> 
  custom:audio-encoder-webm-vorbis: bf7c407c2cedff20999df2af8eb42d56 -> 
  custom:video-codec-MediaFoundation-h265: 746d11721c4dcdbdad8f713fa42b33f4 -> 
  custom:video-decoder-ogg-theora: a1e56fd34408186e4bbccfd4996cb3dc -> 
  custom:CustomObjectIndexerAttribute: d54d2f2da18e7612c182cf67624b6b12 -> 
  custom:container-demuxer-webm: 4f35f7cbe854078d1ac9338744f61a02 -> 
  custom:video-encoder-webm-vp8: eb34c28f22e8b96e1ab97ce403110664 -> 
========================================================================
Received Import Request.
  Time since last request: 9.549114 seconds.
  path: Assets/Ocean_Han/RockFREE/LODGroups
  artifactKey: Guid(4c657f0647399a946bb257c6a5573ed4) Importer(815301076,1909f56bfc062723c751e8b465ee728b)
Start importing Assets/Ocean_Han/RockFREE/LODGroups using Guid(4c657f0647399a946bb257c6a5573ed4) Importer(815301076,1909f56bfc062723c751e8b465ee728b)  -> (artifact id: '8c31fc93fe930c1fd71ea2fa72cde1a3') in 0.003874 seconds
Number of updated asset objects reloaded before import = 0
Number of asset objects unloaded after import = 0
========================================================================
Received Prepare
Begin MonoManager ReloadAssembly
Symbol file LoadedFromMemory is not a mono symbol file
Symbol file LoadedFromMemory is not a mono symbol file
Assembly 'Assets/we/02.Map/Tutorial_map/DB/ExternalDependencyManager/Editor/1.2.183/Google.IOSResolver.dll' will not be loaded due to errors:
Unable to resolve reference 'UnityEditor.iOS.Extensions.Xcode'. Is the assembly missing or incompatible with the current platform?
Reference validation can be disabled in the Plugin Inspector.
Symbol file LoadedFromMemory is not a mono symbol file
Symbol file LoadedFromMemory is not a mono symbol file
Symbol file LoadedFromMemory is not a mono symbol file
Symbol file LoadedFromMemory is not a mono symbol file
Symbol file LoadedFromMemory is not a mono symbol file
Assembly 'Assets/we/02.Map/Tutorial_map/DB/Firebase/Editor/Firebase.Editor.dll' will not be loaded due to errors:
Unable to resolve reference 'UnityEditor.iOS.Extensions.Xcode'. Is the assembly missing or incompatible with the current platform?
Reference validation can be disabled in the Plugin Inspector.
- Loaded All Assemblies, in  0.545 seconds
Refreshing native plugins compatible for Editor in 17.15 ms, found 20 plugins.
Native extension for WindowsStandalone target not found
Native extension for Android target not found
[Package Manager] Server::EnsureServerProcessIsRunning -- launch failed, reason: Unity was launched with the -noUpm command-line argument
[Package Manager] UpmClient::Send -- Unable to send message (not connected to UPM process).
[Package Manager] Cannot connect to Unity Package Manager local server
[Package Manager] Server::EnsureServerProcessIsRunning -- launch failed, reason: Unity was launched with the -noUpm command-line argument
[Package Manager] UpmClient::Send -- Unable to send message (not connected to UPM process).
[Package Manager] Cannot connect to Unity Package Manager local server
Mono: successfully reloaded assembly
[Package Manager] Server::EnsureServerProcessIsRunning -- launch failed, reason: Unity was launched with the -noUpm command-line argument
[Package Manager] UpmClient::Send -- Unable to send message (not connected to UPM process).
[Package Manager] Cannot connect to Unity Package Manager local server
- Finished resetting the current domain, in  1.335 seconds
Domain Reload Profiling: 1875ms
	BeginReloadAssembly (143ms)
		ExecutionOrderSort (0ms)
		DisableScriptedObjects (4ms)
		BackupInstance (0ms)
		ReleaseScriptingObjects (0ms)
		CreateAndSetChildDomain (46ms)
	RebuildCommonClasses (23ms)
	RebuildNativeTypeToScriptingClass (9ms)
	initialDomainReloadingComplete (28ms)
	LoadAllAssembliesAndSetupDomain (338ms)
		LoadAssemblies (317ms)
		RebuildTransferFunctionScriptingTraits (0ms)
		AnalyzeDomain (83ms)
			TypeCache.Refresh (16ms)
				TypeCache.ScanAssembly (4ms)
			ScanForSourceGeneratedMonoScriptInfo (38ms)
			ResolveRequiredComponents (27ms)
	FinalizeReload (1335ms)
		ReleaseScriptCaches (0ms)
		RebuildScriptCaches (0ms)
		SetupLoadedEditorAssemblies (554ms)
			LogAssemblyErrors (0ms)
			InitializePlatformSupportModulesInManaged (20ms)
			SetLoadedEditorAssemblies (6ms)
			RefreshPlugins (0ms)
			BeforeProcessingInitializeOnLoad (105ms)
			ProcessInitializeOnLoadAttributes (357ms)
			ProcessInitializeOnLoadMethodAttributes (61ms)
			AfterProcessingInitializeOnLoad (4ms)
			EditorAssembliesLoaded (0ms)
		ExecutionOrderSort2 (0ms)
		AwakeInstancesAfterBackupRestoration (18ms)
Shader 'Oculus/OVRMRCameraFrameLit': fallback shader 'Alpha-Diffuse' not found
Refreshing native plugins compatible for Editor in 28.56 ms, found 20 plugins.
Preloading 2 native plugins for Editor in 0.21 ms.
Unloading 9251 Unused Serialized files (Serialized files now loaded: 0)
Unloading 163 unused Assets / (3.1 MB). Loaded Objects now: 10043.
Memory consumption went from 328.5 MB to 325.4 MB.
Total: 15.562700 ms (FindLiveObjects: 0.986200 ms CreateObjectMapping: 0.761800 ms MarkObjects: 11.562200 ms  DeleteObjects: 2.250600 ms)

Prepare: number of updated asset objects reloaded= 0
AssetImportParameters requested are different than current active one (requested -> active):
  custom:container-demuxer-ogg: 62fdf1f143b41e24485cea50d1cbac27 -> 
  custom:framework-win-MediaFoundation: 216162199b28c13a410421893ffa2e32 -> 
  custom:container-muxer-webm: aa71ff27fc2769a1b78a27578f13a17b -> 
  custom:video-decoder-webm-vp8: 9c59270c3fd7afecdb556c50c9e8de78 -> 
  custom:SearchIndexIgnoredProperties: e643bd26f0fe6173181afceb89e7c659 -> 
  custom:AudioImporter_EditorPlatform: d09bf68614088b80899f8185d706f6e7 -> 
  custom:audio-decoder-ogg-vorbis: bf7c407c2cedff20999df2af8eb42d56 -> 
  custom:audio-encoder-webm-vorbis: bf7c407c2cedff20999df2af8eb42d56 -> 
  custom:video-codec-MediaFoundation-h265: 746d11721c4dcdbdad8f713fa42b33f4 -> 
  custom:video-decoder-ogg-theora: a1e56fd34408186e4bbccfd4996cb3dc -> 
  custom:CustomObjectIndexerAttribute: d54d2f2da18e7612c182cf67624b6b12 -> 
  custom:container-demuxer-webm: 4f35f7cbe854078d1ac9338744f61a02 -> 
  custom:video-encoder-webm-vp8: eb34c28f22e8b96e1ab97ce403110664 -> 
========================================================================
Received Prepare
Begin MonoManager ReloadAssembly
Symbol file LoadedFromMemory is not a mono symbol file
Symbol file LoadedFromMemory is not a mono symbol file
Assembly 'Assets/we/02.Map/Tutorial_map/DB/ExternalDependencyManager/Editor/1.2.183/Google.IOSResolver.dll' will not be loaded due to errors:
Unable to resolve reference 'UnityEditor.iOS.Extensions.Xcode'. Is the assembly missing or incompatible with the current platform?
Reference validation can be disabled in the Plugin Inspector.
Symbol file LoadedFromMemory is not a mono symbol file
Symbol file LoadedFromMemory is not a mono symbol file
Symbol file LoadedFromMemory is not a mono symbol file
Symbol file LoadedFromMemory is not a mono symbol file
Symbol file LoadedFromMemory is not a mono symbol file
Assembly 'Assets/we/02.Map/Tutorial_map/DB/Firebase/Editor/Firebase.Editor.dll' will not be loaded due to errors:
Unable to resolve reference 'UnityEditor.iOS.Extensions.Xcode'. Is the assembly missing or incompatible with the current platform?
Reference validation can be disabled in the Plugin Inspector.
- Loaded All Assemblies, in  0.532 seconds
Refreshing native plugins compatible for Editor in 14.16 ms, found 20 plugins.
Native extension for WindowsStandalone target not found
Native extension for Android target not found
[Package Manager] Server::EnsureServerProcessIsRunning -- launch failed, reason: Unity was launched with the -noUpm command-line argument
[Package Manager] UpmClient::Send -- Unable to send message (not connected to UPM process).
[Package Manager] Cannot connect to Unity Package Manager local server
[Package Manager] Server::EnsureServerProcessIsRunning -- launch failed, reason: Unity was launched with the -noUpm command-line argument
[Package Manager] UpmClient::Send -- Unable to send message (not connected to UPM process).
[Package Manager] Cannot connect to Unity Package Manager local server
Mono: successfully reloaded assembly
[Package Manager] Server::EnsureServerProcessIsRunning -- launch failed, reason: Unity was launched with the -noUpm command-line argument
[Package Manager] UpmClient::Send -- Unable to send message (not connected to UPM process).
[Package Manager] Cannot connect to Unity Package Manager local server
- Finished resetting the current domain, in  1.308 seconds
Domain Reload Profiling: 1836ms
	BeginReloadAssembly (149ms)
		ExecutionOrderSort (0ms)
		DisableScriptedObjects (3ms)
		BackupInstance (0ms)
		ReleaseScriptingObjects (0ms)
		CreateAndSetChildDomain (51ms)
	RebuildCommonClasses (26ms)
	RebuildNativeTypeToScriptingClass (8ms)
	initialDomainReloadingComplete (29ms)
	LoadAllAssembliesAndSetupDomain (317ms)
		LoadAssemblies (296ms)
		RebuildTransferFunctionScriptingTraits (0ms)
		AnalyzeDomain (83ms)
			TypeCache.Refresh (19ms)
				TypeCache.ScanAssembly (5ms)
			ScanForSourceGeneratedMonoScriptInfo (39ms)
			ResolveRequiredComponents (24ms)
	FinalizeReload (1308ms)
		ReleaseScriptCaches (0ms)
		RebuildScriptCaches (0ms)
		SetupLoadedEditorAssemblies (521ms)
			LogAssemblyErrors (0ms)
			InitializePlatformSupportModulesInManaged (17ms)
			SetLoadedEditorAssemblies (5ms)
			RefreshPlugins (0ms)
			BeforeProcessingInitializeOnLoad (97ms)
			ProcessInitializeOnLoadAttributes (334ms)
			ProcessInitializeOnLoadMethodAttributes (62ms)
			AfterProcessingInitializeOnLoad (5ms)
			EditorAssembliesLoaded (0ms)
		ExecutionOrderSort2 (0ms)
		AwakeInstancesAfterBackupRestoration (16ms)
Shader 'Oculus/OVRMRCameraFrameLit': fallback shader 'Alpha-Diffuse' not found
Refreshing native plugins compatible for Editor in 24.04 ms, found 20 plugins.
Preloading 2 native plugins for Editor in 0.16 ms.
Unloading 9251 Unused Serialized files (Serialized files now loaded: 0)
Unloading 163 unused Assets / (3.1 MB). Loaded Objects now: 10048.
Memory consumption went from 330.5 MB to 327.4 MB.
Total: 8.710100 ms (FindLiveObjects: 0.717400 ms CreateObjectMapping: 0.597400 ms MarkObjects: 5.644500 ms  DeleteObjects: 1.749000 ms)

Prepare: number of updated asset objects reloaded= 0
AssetImportParameters requested are different than current active one (requested -> active):
  custom:container-demuxer-ogg: 62fdf1f143b41e24485cea50d1cbac27 -> 
  custom:framework-win-MediaFoundation: 216162199b28c13a410421893ffa2e32 -> 
  custom:container-muxer-webm: aa71ff27fc2769a1b78a27578f13a17b -> 
  custom:video-decoder-webm-vp8: 9c59270c3fd7afecdb556c50c9e8de78 -> 
  custom:SearchIndexIgnoredProperties: e643bd26f0fe6173181afceb89e7c659 -> 
  custom:AudioImporter_EditorPlatform: d09bf68614088b80899f8185d706f6e7 -> 
  custom:audio-decoder-ogg-vorbis: bf7c407c2cedff20999df2af8eb42d56 -> 
  custom:audio-encoder-webm-vorbis: bf7c407c2cedff20999df2af8eb42d56 -> 
  custom:video-codec-MediaFoundation-h265: 746d11721c4dcdbdad8f713fa42b33f4 -> 
  custom:video-decoder-ogg-theora: a1e56fd34408186e4bbccfd4996cb3dc -> 
  custom:CustomObjectIndexerAttribute: d54d2f2da18e7612c182cf67624b6b12 -> 
  custom:container-demuxer-webm: 4f35f7cbe854078d1ac9338744f61a02 -> 
  custom:video-encoder-webm-vp8: eb34c28f22e8b96e1ab97ce403110664 -> 
========================================================================
Received Import Request.
  Time since last request: 66.661355 seconds.
  path: Assets/we/02.Map/Ocean_map
  artifactKey: Guid(0d7bc8ce75c451f4ab075f85d413f09f) Importer(815301076,1909f56bfc062723c751e8b465ee728b)
Start importing Assets/we/02.Map/Ocean_map using Guid(0d7bc8ce75c451f4ab075f85d413f09f) Importer(815301076,1909f56bfc062723c751e8b465ee728b)  -> (artifact id: 'c9d4571fabd1c95d7d7feba647d559e2') in 0.002695 seconds
Number of updated asset objects reloaded before import = 0
Number of asset objects unloaded after import = 0
========================================================================
Received Prepare
Begin MonoManager ReloadAssembly
Symbol file LoadedFromMemory is not a mono symbol file
Symbol file LoadedFromMemory is not a mono symbol file
Assembly 'Assets/we/02.Map/Tutorial_map/DB/ExternalDependencyManager/Editor/1.2.183/Google.IOSResolver.dll' will not be loaded due to errors:
Unable to resolve reference 'UnityEditor.iOS.Extensions.Xcode'. Is the assembly missing or incompatible with the current platform?
Reference validation can be disabled in the Plugin Inspector.
Symbol file LoadedFromMemory is not a mono symbol file
Symbol file LoadedFromMemory is not a mono symbol file
Symbol file LoadedFromMemory is not a mono symbol file
Symbol file LoadedFromMemory is not a mono symbol file
Symbol file LoadedFromMemory is not a mono symbol file
Assembly 'Assets/we/02.Map/Tutorial_map/DB/Firebase/Editor/Firebase.Editor.dll' will not be loaded due to errors:
Unable to resolve reference 'UnityEditor.iOS.Extensions.Xcode'. Is the assembly missing or incompatible with the current platform?
Reference validation can be disabled in the Plugin Inspector.
- Loaded All Assemblies, in  0.516 seconds
Refreshing native plugins compatible for Editor in 19.88 ms, found 20 plugins.
Native extension for WindowsStandalone target not found
Native extension for Android target not found
[Package Manager] Server::EnsureServerProcessIsRunning -- launch failed, reason: Unity was launched with the -noUpm command-line argument
[Package Manager] UpmClient::Send -- Unable to send message (not connected to UPM process).
[Package Manager] Cannot connect to Unity Package Manager local server
[Package Manager] Server::EnsureServerProcessIsRunning -- launch failed, reason: Unity was launched with the -noUpm command-line argument
[Package Manager] UpmClient::Send -- Unable to send message (not connected to UPM process).
[Package Manager] Cannot connect to Unity Package Manager local server
Mono: successfully reloaded assembly
[Package Manager] Server::EnsureServerProcessIsRunning -- launch failed, reason: Unity was launched with the -noUpm command-line argument
[Package Manager] UpmClient::Send -- Unable to send message (not connected to UPM process).
[Package Manager] Cannot connect to Unity Package Manager local server
- Finished resetting the current domain, in  1.296 seconds
Domain Reload Profiling: 1809ms
	BeginReloadAssembly (145ms)
		ExecutionOrderSort (0ms)
		DisableScriptedObjects (3ms)
		BackupInstance (0ms)
		ReleaseScriptingObjects (0ms)
		CreateAndSetChildDomain (49ms)
	RebuildCommonClasses (24ms)
	RebuildNativeTypeToScriptingClass (8ms)
	initialDomainReloadingComplete (22ms)
	LoadAllAssembliesAndSetupDomain (315ms)
		LoadAssemblies (307ms)
		RebuildTransferFunctionScriptingTraits (0ms)
		AnalyzeDomain (70ms)
			TypeCache.Refresh (15ms)
				TypeCache.ScanAssembly (4ms)
			ScanForSourceGeneratedMonoScriptInfo (35ms)
			ResolveRequiredComponents (18ms)
	FinalizeReload (1296ms)
		ReleaseScriptCaches (0ms)
		RebuildScriptCaches (0ms)
		SetupLoadedEditorAssemblies (559ms)
			LogAssemblyErrors (0ms)
			InitializePlatformSupportModulesInManaged (25ms)
			SetLoadedEditorAssemblies (7ms)
			RefreshPlugins (0ms)
			BeforeProcessingInitializeOnLoad (109ms)
			ProcessInitializeOnLoadAttributes (358ms)
			ProcessInitializeOnLoadMethodAttributes (55ms)
			AfterProcessingInitializeOnLoad (5ms)
			EditorAssembliesLoaded (0ms)
		ExecutionOrderSort2 (0ms)
		AwakeInstancesAfterBackupRestoration (19ms)
Shader 'Oculus/OVRMRCameraFrameLit': fallback shader 'Alpha-Diffuse' not found
Refreshing native plugins compatible for Editor in 30.74 ms, found 20 plugins.
Preloading 2 native plugins for Editor in 0.18 ms.
Unloading 9251 Unused Serialized files (Serialized files now loaded: 0)
Unloading 163 unused Assets / (3.1 MB). Loaded Objects now: 10053.
Memory consumption went from 332.3 MB to 329.2 MB.
Total: 9.625700 ms (FindLiveObjects: 0.884300 ms CreateObjectMapping: 0.704500 ms MarkObjects: 6.110700 ms  DeleteObjects: 1.924200 ms)

Prepare: number of updated asset objects reloaded= 0
AssetImportParameters requested are different than current active one (requested -> active):
  custom:container-demuxer-ogg: 62fdf1f143b41e24485cea50d1cbac27 -> 
  custom:framework-win-MediaFoundation: 216162199b28c13a410421893ffa2e32 -> 
  custom:container-muxer-webm: aa71ff27fc2769a1b78a27578f13a17b -> 
  custom:video-decoder-webm-vp8: 9c59270c3fd7afecdb556c50c9e8de78 -> 
  custom:SearchIndexIgnoredProperties: e643bd26f0fe6173181afceb89e7c659 -> 
  custom:AudioImporter_EditorPlatform: d09bf68614088b80899f8185d706f6e7 -> 
  custom:audio-decoder-ogg-vorbis: bf7c407c2cedff20999df2af8eb42d56 -> 
  custom:audio-encoder-webm-vorbis: bf7c407c2cedff20999df2af8eb42d56 -> 
  custom:video-codec-MediaFoundation-h265: 746d11721c4dcdbdad8f713fa42b33f4 -> 
  custom:video-decoder-ogg-theora: a1e56fd34408186e4bbccfd4996cb3dc -> 
  custom:CustomObjectIndexerAttribute: d54d2f2da18e7612c182cf67624b6b12 -> 
  custom:container-demuxer-webm: 4f35f7cbe854078d1ac9338744f61a02 -> 
  custom:video-encoder-webm-vp8: eb34c28f22e8b96e1ab97ce403110664 -> 
========================================================================
Received Import Request.
  Time since last request: 60.172812 seconds.
  path: Assets/we/02.Map/Ocean_map/Ocean_Dolphin/1. Objects/Fireworks/Rocket 1/Model/Materials/defaultMat.mat
  artifactKey: Guid(4b0495e61005db341b8e526daa7b4fa7) Importer(815301076,1909f56bfc062723c751e8b465ee728b)
Start importing Assets/we/02.Map/Ocean_map/Ocean_Dolphin/1. Objects/Fireworks/Rocket 1/Model/Materials/defaultMat.mat using Guid(4b0495e61005db341b8e526daa7b4fa7) Importer(815301076,1909f56bfc062723c751e8b465ee728b)  -> (artifact id: '45046be8a9c5a1599a76bfb8a4ac1509') in 0.216714 seconds
Number of updated asset objects reloaded before import = 0
Number of asset objects unloaded after import = 20
========================================================================
Received Import Request.
  Time since last request: 0.001600 seconds.
  path: Assets/we/02.Map/Ocean_map/Ocean_Dolphin/1. Objects/Dolphins/Imported.prefab
  artifactKey: Guid(e2d5f6519f74c484595c837bef649f02) Importer(815301076,1909f56bfc062723c751e8b465ee728b)
Start importing Assets/we/02.Map/Ocean_map/Ocean_Dolphin/1. Objects/Dolphins/Imported.prefab using Guid(e2d5f6519f74c484595c837bef649f02) Importer(815301076,1909f56bfc062723c751e8b465ee728b)  -> (artifact id: '025ecccd4154187e04296c9cd6eaf2aa') in 0.066548 seconds
Number of updated asset objects reloaded before import = 0
Number of asset objects unloaded after import = 36
========================================================================
Received Import Request.
  Time since last request: 0.007519 seconds.
  path: Assets/we/02.Map/Ocean_map/Ocean_Dolphin/1. Objects/Fireworks/Battery/Material/Rocket.mat
  artifactKey: Guid(866b4a26a14db714eb260cd917342d3b) Importer(815301076,1909f56bfc062723c751e8b465ee728b)
Start importing Assets/we/02.Map/Ocean_map/Ocean_Dolphin/1. Objects/Fireworks/Battery/Material/Rocket.mat using Guid(866b4a26a14db714eb260cd917342d3b) Importer(815301076,1909f56bfc062723c751e8b465ee728b)  -> (artifact id: '07a1009942ad753e0c04bcfdd3c3003a') in 0.013064 seconds
Number of updated asset objects reloaded before import = 0
Number of asset objects unloaded after import = 3
========================================================================
Received Import Request.
  Time since last request: 0.002040 seconds.
  path: Assets/we/02.Map/Ocean_map/Ocean_Han/Sailing Ships/Materials/Glass.mat
  artifactKey: Guid(1bba8c76edca22e4bb0321f83379b420) Importer(815301076,1909f56bfc062723c751e8b465ee728b)
Start importing Assets/we/02.Map/Ocean_map/Ocean_Han/Sailing Ships/Materials/Glass.mat using Guid(1bba8c76edca22e4bb0321f83379b420) Importer(815301076,1909f56bfc062723c751e8b465ee728b)  -> (artifact id: 'ddf21347ee8d895f58dc2008cd3eff4b') in 0.044242 seconds
Number of updated asset objects reloaded before import = 0
Number of asset objects unloaded after import = 2
========================================================================
Received Import Request.
  Time since last request: 0.002327 seconds.
  path: Assets/we/02.Map/Ocean_map/Ocean_Han/Sailing Ships/Prefabs/Sailing Ship 2.prefab
  artifactKey: Guid(10b21c3f32b1ae2439fa5514439520c2) Importer(815301076,1909f56bfc062723c751e8b465ee728b)
Start importing Assets/we/02.Map/Ocean_map/Ocean_Han/Sailing Ships/Prefabs/Sailing Ship 2.prefab using Guid(10b21c3f32b1ae2439fa5514439520c2) Importer(815301076,1909f56bfc062723c751e8b465ee728b)  -> (artifact id: 'c241d51064648f4f4d663dcc24666d3b') in 0.847293 seconds
Number of updated asset objects reloaded before import = 0
Number of asset objects unloaded after import = 61
========================================================================
Received Import Request.
  Time since last request: 0.000323 seconds.
  path: Assets/we/02.Map/Ocean_map/Ocean_Han/Ata Khani/Modular Sewer Props/Materials/Cloth_Lights_Mat.mat
  artifactKey: Guid(5f4a62fefb0d2834b86da5d31f79022c) Importer(815301076,1909f56bfc062723c751e8b465ee728b)
Start importing Assets/we/02.Map/Ocean_map/Ocean_Han/Ata Khani/Modular Sewer Props/Materials/Cloth_Lights_Mat.mat using Guid(5f4a62fefb0d2834b86da5d31f79022c) Importer(815301076,1909f56bfc062723c751e8b465ee728b)  -> (artifact id: 'a5520d0a3d13792054bfc2c8ee357043') in 0.141375 seconds
Number of updated asset objects reloaded before import = 0
Number of asset objects unloaded after import = 6
========================================================================
Received Import Request.
  Time since last request: 0.002612 seconds.
  path: Assets/we/02.Map/Ocean_map/Ocean_Dolphin/1. Objects/Fireworks/Battery/Material/RocketSparkles.png
  artifactKey: Guid(65efa1b07d036f540bb6a42886aaf44d) Importer(815301076,1909f56bfc062723c751e8b465ee728b)
Start importing Assets/we/02.Map/Ocean_map/Ocean_Dolphin/1. Objects/Fireworks/Battery/Material/RocketSparkles.png using Guid(65efa1b07d036f540bb6a42886aaf44d) Importer(815301076,1909f56bfc062723c751e8b465ee728b)  -> (artifact id: 'c5135b446dfe125074572e7241c9dc0b') in 0.019127 seconds
Number of updated asset objects reloaded before import = 0
Number of asset objects unloaded after import = 2
========================================================================
Received Import Request.
  Time since last request: 0.002408 seconds.
  path: Assets/we/02.Map/Ocean_map/Ocean_Dolphin/dolphin1.wav
  artifactKey: Guid(edab9d6facd805149824ef8c9f0ed82e) Importer(815301076,1909f56bfc062723c751e8b465ee728b)
Start importing Assets/we/02.Map/Ocean_map/Ocean_Dolphin/dolphin1.wav using Guid(edab9d6facd805149824ef8c9f0ed82e) Importer(815301076,1909f56bfc062723c751e8b465ee728b)  -> (artifact id: '61ad6c86133eb702e5645f97e38eb50e') in 0.027681 seconds
Number of updated asset objects reloaded before import = 0
Number of asset objects unloaded after import = 2
========================================================================
Received Import Request.
  Time since last request: 0.000032 seconds.
  path: Assets/we/02.Map/Ocean_map/Ocean_Han/Sailing Ships/Materials/WoodPlanks/WoodPlanks_AO.png
  artifactKey: Guid(40a8fdaccc4ef534596d4b5354c25053) Importer(815301076,1909f56bfc062723c751e8b465ee728b)
Start importing Assets/we/02.Map/Ocean_map/Ocean_Han/Sailing Ships/Materials/WoodPlanks/WoodPlanks_AO.png using Guid(40a8fdaccc4ef534596d4b5354c25053) Importer(815301076,1909f56bfc062723c751e8b465ee728b)  -> (artifact id: 'e39fa7b0b9a088187719c07e56da704b') in 0.025365 seconds
Number of updated asset objects reloaded before import = 0
Number of asset objects unloaded after import = 2
========================================================================
Received Import Request.
  Time since last request: 0.004444 seconds.
  path: Assets/we/02.Map/Ocean_map/Ocean_Dolphin/1. Objects/Fireworks/Rocket 1/Materials/Fuse.png
  artifactKey: Guid(effca78134669c24ca577b2d77917d00) Importer(815301076,1909f56bfc062723c751e8b465ee728b)
Start importing Assets/we/02.Map/Ocean_map/Ocean_Dolphin/1. Objects/Fireworks/Rocket 1/Materials/Fuse.png using Guid(effca78134669c24ca577b2d77917d00) Importer(815301076,1909f56bfc062723c751e8b465ee728b)  -> (artifact id: '8bd8489d60f66f716f7963157c937047') in 0.014765 seconds
Number of updated asset objects reloaded before import = 0
Number of asset objects unloaded after import = 2
========================================================================
Received Import Request.
  Time since last request: 0.003010 seconds.
  path: Assets/we/02.Map/Ocean_map/Ocean_Dolphin/1. Objects/Fireworks/Firecracker 2/Script/Firecracker2.cs
  artifactKey: Guid(f00fad5dc8ea77748bc325c2fe9b4920) Importer(815301076,1909f56bfc062723c751e8b465ee728b)
Start importing Assets/we/02.Map/Ocean_map/Ocean_Dolphin/1. Objects/Fireworks/Firecracker 2/Script/Firecracker2.cs using Guid(f00fad5dc8ea77748bc325c2fe9b4920) Importer(815301076,1909f56bfc062723c751e8b465ee728b)  -> (artifact id: '07d98d811f803fc30dc72d6bceef5643') in 0.000629 seconds
Number of updated asset objects reloaded before import = 0
Number of asset objects unloaded after import = 0
========================================================================
Received Import Request.
  Time since last request: 0.001779 seconds.
  path: Assets/we/02.Map/Ocean_map/Ocean_Dolphin/1. Objects/Fireworks/Rocket 1/Materials/Fireworksbouquet.png
  artifactKey: Guid(fc1818401ea089c42a8153cee6c8bd4d) Importer(815301076,1909f56bfc062723c751e8b465ee728b)
Start importing Assets/we/02.Map/Ocean_map/Ocean_Dolphin/1. Objects/Fireworks/Rocket 1/Materials/Fireworksbouquet.png using Guid(fc1818401ea089c42a8153cee6c8bd4d) Importer(815301076,1909f56bfc062723c751e8b465ee728b)  -> (artifact id: 'c6247699b0c3a9c0bfbfea40de41282d') in 0.015688 seconds
Number of updated asset objects reloaded before import = 0
Number of asset objects unloaded after import = 2
========================================================================
Received Import Request.
  Time since last request: 0.002074 seconds.
  path: Assets/we/02.Map/Ocean_map/Ocean_Han/RockFREE/mesh/rock5_LOD2.fbx
  artifactKey: Guid(8414d8f854290ba4187559add5d51c3e) Importer(815301076,1909f56bfc062723c751e8b465ee728b)
Start importing Assets/we/02.Map/Ocean_map/Ocean_Han/RockFREE/mesh/rock5_LOD2.fbx using Guid(8414d8f854290ba4187559add5d51c3e) Importer(815301076,1909f56bfc062723c751e8b465ee728b)  -> (artifact id: '2bf86785e8ea3c4746c05726f58174ae') in 0.105369 seconds
Number of updated asset objects reloaded before import = 0
Number of asset objects unloaded after import = 13
========================================================================
Received Import Request.
  Time since last request: 0.000687 seconds.
  path: Assets/we/02.Map/Ocean_map/Ocean_Han/RockFREE/LODGroups/rock2_LOD0.prefab
  artifactKey: Guid(7cec8804e22ff6e4592573d5042df101) Importer(815301076,1909f56bfc062723c751e8b465ee728b)
Start importing Assets/we/02.Map/Ocean_map/Ocean_Han/RockFREE/LODGroups/rock2_LOD0.prefab using Guid(7cec8804e22ff6e4592573d5042df101) Importer(815301076,1909f56bfc062723c751e8b465ee728b)  -> (artifact id: '3cebc00380c735a09a60e215def964c5') in 0.041074 seconds
Number of updated asset objects reloaded before import = 0
Number of asset objects unloaded after import = 31
========================================================================
Received Import Request.
  Time since last request: 0.004656 seconds.
  path: Assets/we/02.Map/Ocean_map/Ocean_Dolphin/1. Objects/Fireworks/Battery/Prefab/Battery.prefab
  artifactKey: Guid(6c69b53bc916eb34f8fb8f05e6d777ca) Importer(815301076,1909f56bfc062723c751e8b465ee728b)
Start importing Assets/we/02.Map/Ocean_map/Ocean_Dolphin/1. Objects/Fireworks/Battery/Prefab/Battery.prefab using Guid(6c69b53bc916eb34f8fb8f05e6d777ca) Importer(815301076,1909f56bfc062723c751e8b465ee728b)  -> (artifact id: 'e2098168d812230e6873d53166b6df78') in 0.031159 seconds
Number of updated asset objects reloaded before import = 0
Number of asset objects unloaded after import = 48
========================================================================
Received Import Request.
  Time since last request: 0.001797 seconds.
  path: Assets/we/02.Map/Ocean_map/Ocean_Dolphin/Script/ShellInteraction.cs
  artifactKey: Guid(a094f20bf8b32434799583a6785797b5) Importer(815301076,1909f56bfc062723c751e8b465ee728b)
Start importing Assets/we/02.Map/Ocean_map/Ocean_Dolphin/Script/ShellInteraction.cs using Guid(a094f20bf8b32434799583a6785797b5) Importer(815301076,1909f56bfc062723c751e8b465ee728b)  -> (artifact id: '10e882460fc40f3ff9d2fd90cd22860f') in 0.000561 seconds
Number of updated asset objects reloaded before import = 0
Number of asset objects unloaded after import = 0
========================================================================
Received Import Request.
  Time since last request: 0.001894 seconds.
  path: Assets/we/02.Map/Ocean_map/Ocean_Dolphin/1. Objects/seaShell/materials/URP/seaShell.mat
  artifactKey: Guid(1de39bcc4d71d204f9f1002f25953617) Importer(815301076,1909f56bfc062723c751e8b465ee728b)
Start importing Assets/we/02.Map/Ocean_map/Ocean_Dolphin/1. Objects/seaShell/materials/URP/seaShell.mat using Guid(1de39bcc4d71d204f9f1002f25953617) Importer(815301076,1909f56bfc062723c751e8b465ee728b)  -> (artifact id: 'db8c46317f1f65f1bb4193367973c1a3') in 0.999621 seconds
Number of updated asset objects reloaded before import = 0
Number of asset objects unloaded after import = 10
========================================================================
Received Import Request.
  Time since last request: 0.000071 seconds.
  path: Assets/we/02.Map/Ocean_map/Ocean_Han/RockFREE/mesh/rock2_LOD1.fbx
  artifactKey: Guid(82c6bc2e992926e4eadf809b9397b9a7) Importer(815301076,1909f56bfc062723c751e8b465ee728b)
Start importing Assets/we/02.Map/Ocean_map/Ocean_Han/RockFREE/mesh/rock2_LOD1.fbx using Guid(82c6bc2e992926e4eadf809b9397b9a7) Importer(815301076,1909f56bfc062723c751e8b465ee728b)  -> (artifact id: 'ff6c5b46276e82801c6707378329d5c9') in 0.043638 seconds
Number of updated asset objects reloaded before import = 0
Number of asset objects unloaded after import = 13
========================================================================
Received Import Request.
  Time since last request: 0.015154 seconds.
  path: Assets/we/02.Map/Ocean_map/Ocean_Dolphin/1. Objects/seaShell/textures/hdrpMaps/seaShell_BaseColor.tga
  artifactKey: Guid(19ea634ba038ff44b9b0afcb24bc1b41) Importer(815301076,1909f56bfc062723c751e8b465ee728b)
Start importing Assets/we/02.Map/Ocean_map/Ocean_Dolphin/1. Objects/seaShell/textures/hdrpMaps/seaShell_BaseColor.tga using Guid(19ea634ba038ff44b9b0afcb24bc1b41) Importer(815301076,1909f56bfc062723c751e8b465ee728b)  -> (artifact id: '2a583c13e7711f569ced301ab636cf28') in 0.114108 seconds
Number of updated asset objects reloaded before import = 0
Number of asset objects unloaded after import = 2
========================================================================
Received Import Request.
  Time since last request: 0.002907 seconds.
  path: Assets/we/02.Map/Ocean_map/Ocean_Han/RockFREE/mesh/rock2_LOD2.fbx
  artifactKey: Guid(a6ec3703e29203d4cb67b94418cddab8) Importer(815301076,1909f56bfc062723c751e8b465ee728b)
Start importing Assets/we/02.Map/Ocean_map/Ocean_Han/RockFREE/mesh/rock2_LOD2.fbx using Guid(a6ec3703e29203d4cb67b94418cddab8) Importer(815301076,1909f56bfc062723c751e8b465ee728b)  -> (artifact id: '04b4c1ac01f043faefaca682d80daf8a') in 0.045212 seconds
Number of updated asset objects reloaded before import = 0
Number of asset objects unloaded after import = 13
========================================================================
Received Import Request.
  Time since last request: 0.003374 seconds.
  path: Assets/we/02.Map/Ocean_map/Ocean_Dolphin/1. Objects/Dolphins/meshes/Object_0_0_0.asset
  artifactKey: Guid(ec2a6d04f32adf94299f4d1a24016d19) Importer(815301076,1909f56bfc062723c751e8b465ee728b)
Start importing Assets/we/02.Map/Ocean_map/Ocean_Dolphin/1. Objects/Dolphins/meshes/Object_0_0_0.asset using Guid(ec2a6d04f32adf94299f4d1a24016d19) Importer(815301076,1909f56bfc062723c751e8b465ee728b)  -> (artifact id: 'fab00834ceddb27eb1230a2141eb65c9') in 0.018089 seconds
Number of updated asset objects reloaded before import = 0
Number of asset objects unloaded after import = 2
========================================================================
Received Import Request.
  Time since last request: 0.002381 seconds.
  path: Assets/we/02.Map/Ocean_map/Ocean_Dolphin/Animation/RopeDown.anim
  artifactKey: Guid(798b9aae14cdc614d96018d426f22027) Importer(815301076,1909f56bfc062723c751e8b465ee728b)
Start importing Assets/we/02.Map/Ocean_map/Ocean_Dolphin/Animation/RopeDown.anim using Guid(798b9aae14cdc614d96018d426f22027) Importer(815301076,1909f56bfc062723c751e8b465ee728b)  -> (artifact id: '82c41551ff9ba8ad08136f86b2875a73') in 0.001253 seconds
Number of updated asset objects reloaded before import = 0
Number of asset objects unloaded after import = 1
========================================================================
Received Import Request.
  Time since last request: 0.005327 seconds.
  path: Assets/we/02.Map/Ocean_map/Ocean_Han/NewLayer 4.terrainlayer
  artifactKey: Guid(7f6250c22abfb154081b520db7f13900) Importer(815301076,1909f56bfc062723c751e8b465ee728b)
Start importing Assets/we/02.Map/Ocean_map/Ocean_Han/NewLayer 4.terrainlayer using Guid(7f6250c22abfb154081b520db7f13900) Importer(815301076,1909f56bfc062723c751e8b465ee728b)  -> (artifact id: '7554e3c587ccf189ee47fb42495563d0') in 0.017561 seconds
Number of updated asset objects reloaded before import = 0
Number of asset objects unloaded after import = 2
========================================================================
Received Import Request.
  Time since last request: 0.001091 seconds.
  path: Assets/we/02.Map/Ocean_map/Ocean_Han/Sailing Ships/FBX/Sailing Ship 2.fbx
  artifactKey: Guid(65cd853c86ec93948b4f547eac80d602) Importer(815301076,1909f56bfc062723c751e8b465ee728b)
Start importing Assets/we/02.Map/Ocean_map/Ocean_Han/Sailing Ships/FBX/Sailing Ship 2.fbx using Guid(65cd853c86ec93948b4f547eac80d602) Importer(815301076,1909f56bfc062723c751e8b465ee728b)  -> (artifact id: 'bd7ffc50947110530e470b34052a8571') in 0.341147 seconds
Number of updated asset objects reloaded before import = 0
Number of asset objects unloaded after import = 58
========================================================================
Received Import Request.
  Time since last request: 0.001035 seconds.
  path: Assets/we/02.Map/Ocean_map/Ocean_Han/RockFREE/mesh/rock3_LOD1.fbx
  artifactKey: Guid(b8a9670a25a6de74e8cab15d028d196d) Importer(815301076,1909f56bfc062723c751e8b465ee728b)
Start importing Assets/we/02.Map/Ocean_map/Ocean_Han/RockFREE/mesh/rock3_LOD1.fbx using Guid(b8a9670a25a6de74e8cab15d028d196d) Importer(815301076,1909f56bfc062723c751e8b465ee728b)  -> (artifact id: '87308cafc4a716f32d18e48e1a81fcc9') in 0.042399 seconds
Number of updated asset objects reloaded before import = 0
Number of asset objects unloaded after import = 13
========================================================================
Received Import Request.
  Time since last request: 0.002178 seconds.
  path: Assets/we/02.Map/Ocean_map/Ocean_Dolphin/Script/RopeScripts/RopeTrigger.cs
  artifactKey: Guid(aa3880a3e899a51458b0696495079edd) Importer(815301076,1909f56bfc062723c751e8b465ee728b)
Start importing Assets/we/02.Map/Ocean_map/Ocean_Dolphin/Script/RopeScripts/RopeTrigger.cs using Guid(aa3880a3e899a51458b0696495079edd) Importer(815301076,1909f56bfc062723c751e8b465ee728b)  -> (artifact id: 'e0880f55caf7d993266a647988b764c3') in 0.000549 seconds
Number of updated asset objects reloaded before import = 0
Number of asset objects unloaded after import = 0
========================================================================
Received Import Request.
  Time since last request: 0.002654 seconds.
  path: Assets/we/02.Map/Ocean_map/Ocean_Han/Ata Khani/Modular Sewer Props/Shaders/BRP_MaskMap.shader
  artifactKey: Guid(846875c43c8dab34da3ab157fb62ad17) Importer(815301076,1909f56bfc062723c751e8b465ee728b)
Start importing Assets/we/02.Map/Ocean_map/Ocean_Han/Ata Khani/Modular Sewer Props/Shaders/BRP_MaskMap.shader using Guid(846875c43c8dab34da3ab157fb62ad17) Importer(815301076,1909f56bfc062723c751e8b465ee728b)  -> (artifact id: '48a609589f75789e203030fdbf6ea2c2') in 0.000852 seconds
Number of updated asset objects reloaded before import = 0
Number of asset objects unloaded after import = 0
========================================================================
Received Import Request.
  Time since last request: 0.003573 seconds.
  path: Assets/we/02.Map/Ocean_map/Ocean_Han/RockFREE/Textures/rock5_Metallic.tga
  artifactKey: Guid(93588b61aa11ae8439630beca49fccd9) Importer(815301076,1909f56bfc062723c751e8b465ee728b)
Start importing Assets/we/02.Map/Ocean_map/Ocean_Han/RockFREE/Textures/rock5_Metallic.tga using Guid(93588b61aa11ae8439630beca49fccd9) Importer(815301076,1909f56bfc062723c751e8b465ee728b)  -> (artifact id: 'ddc532907ae08593c159b00f5fde4951') in 0.022685 seconds
Number of updated asset objects reloaded before import = 0
Number of asset objects unloaded after import = 2
========================================================================
Received Import Request.
  Time since last request: 0.004325 seconds.
  path: Assets/we/02.Map/Ocean_map/Ocean_Dolphin/1. Objects/seaShell/3dModels/seaShellModel.fbx
  artifactKey: Guid(e1f6c526bd96fde48be54c54223b85d1) Importer(815301076,1909f56bfc062723c751e8b465ee728b)
Start importing Assets/we/02.Map/Ocean_map/Ocean_Dolphin/1. Objects/seaShell/3dModels/seaShellModel.fbx using Guid(e1f6c526bd96fde48be54c54223b85d1) Importer(815301076,1909f56bfc062723c751e8b465ee728b)  -> (artifact id: '460ff6603860dd102adfd97ee7d61cd2') in 0.038381 seconds
Number of updated asset objects reloaded before import = 0
Number of asset objects unloaded after import = 31
========================================================================
Received Import Request.
  Time since last request: 0.004079 seconds.
  path: Assets/we/02.Map/Ocean_map/Ocean_Han/RockFREE/Textures/Terrain_Textures/Ground_Textures/Terr_Grass_Diffuse.psd
  artifactKey: Guid(bb8549324f6331240b306b8ecb2e697f) Importer(815301076,1909f56bfc062723c751e8b465ee728b)
Start importing Assets/we/02.Map/Ocean_map/Ocean_Han/RockFREE/Textures/Terrain_Textures/Ground_Textures/Terr_Grass_Diffuse.psd using Guid(bb8549324f6331240b306b8ecb2e697f) Importer(815301076,1909f56bfc062723c751e8b465ee728b)  -> (artifact id: 'ae9640ab09b0a6013fc249c9af6f92f5') in 0.024703 seconds
Number of updated asset objects reloaded before import = 0
Number of asset objects unloaded after import = 2
========================================================================
Received Import Request.
  Time since last request: 0.003309 seconds.
  path: Assets/we/02.Map/Ocean_map/Ocean_Han/Sailing Ships/Materials/WoodPlanks/WoodPlanks_NRM.png
  artifactKey: Guid(f9990cb848c77f84ebc1c64e9b445fde) Importer(815301076,1909f56bfc062723c751e8b465ee728b)
Start importing Assets/we/02.Map/Ocean_map/Ocean_Han/Sailing Ships/Materials/WoodPlanks/WoodPlanks_NRM.png using Guid(f9990cb848c77f84ebc1c64e9b445fde) Importer(815301076,1909f56bfc062723c751e8b465ee728b)  -> (artifact id: '21598110f98301929321d6b569c4f904') in 0.032101 seconds
Number of updated asset objects reloaded before import = 0
Number of asset objects unloaded after import = 2
========================================================================
Received Import Request.
  Time since last request: 0.004829 seconds.
  path: Assets/we/02.Map/Ocean_map/Ocean_Han/RockFREE/Textures/Terrain_Textures/Ground_Textures/Terr_Cliff_Rock_Diffuse.psd
  artifactKey: Guid(7f316f91b1033294db619c1c980a91ce) Importer(815301076,1909f56bfc062723c751e8b465ee728b)
Start importing Assets/we/02.Map/Ocean_map/Ocean_Han/RockFREE/Textures/Terrain_Textures/Ground_Textures/Terr_Cliff_Rock_Diffuse.psd using Guid(7f316f91b1033294db619c1c980a91ce) Importer(815301076,1909f56bfc062723c751e8b465ee728b)  -> (artifact id: 'a35bf10b9bc88bd216266cf85dc7219f') in 0.022298 seconds
Number of updated asset objects reloaded before import = 0
Number of asset objects unloaded after import = 2
========================================================================
Received Import Request.
  Time since last request: 0.009212 seconds.
  path: Assets/we/02.Map/Ocean_map/Ocean_Han/Ata Khani/Modular Sewer Props/Models/Modular Sewer Props.fbx
  artifactKey: Guid(e58e58329129f0a43a2d7d34e68d0b52) Importer(815301076,1909f56bfc062723c751e8b465ee728b)
Start importing Assets/we/02.Map/Ocean_map/Ocean_Han/Ata Khani/Modular Sewer Props/Models/Modular Sewer Props.fbx using Guid(e58e58329129f0a43a2d7d34e68d0b52) Importer(815301076,1909f56bfc062723c751e8b465ee728b)  -> (artifact id: 'ee3ce8943711ef322ed24f9c12de8b2c') in 0.566593 seconds
Number of updated asset objects reloaded before import = 0
Number of asset objects unloaded after import = 500
========================================================================
Received Import Request.
  Time since last request: 0.000029 seconds.
  path: Assets/we/02.Map/Ocean_map/Ocean_Dolphin/1. Objects/Fireworks/Battery/Material/RocketSparkles.mat
  artifactKey: Guid(38ce9849b078048458aa3201970616a1) Importer(815301076,1909f56bfc062723c751e8b465ee728b)
Start importing Assets/we/02.Map/Ocean_map/Ocean_Dolphin/1. Objects/Fireworks/Battery/Material/RocketSparkles.mat using Guid(38ce9849b078048458aa3201970616a1) Importer(815301076,1909f56bfc062723c751e8b465ee728b)  -> (artifact id: '94c37c48d5441e1615792cec5b2e23cf') in 0.008150 seconds
Number of updated asset objects reloaded before import = 0
Number of asset objects unloaded after import = 3
========================================================================
Received Import Request.
  Time since last request: 0.001964 seconds.
  path: Assets/we/02.Map/Ocean_map/Ocean_Dolphin/1. Objects/Old Sea Port/mesh/rope_3.fbx
  artifactKey: Guid(cb1f6f82cc530a74c940352d001d34d1) Importer(815301076,1909f56bfc062723c751e8b465ee728b)
Start importing Assets/we/02.Map/Ocean_map/Ocean_Dolphin/1. Objects/Old Sea Port/mesh/rope_3.fbx using Guid(cb1f6f82cc530a74c940352d001d34d1) Importer(815301076,1909f56bfc062723c751e8b465ee728b)  -> (artifact id: '2e949eecacc2fd0d4a7b59125e26b1c0') in 0.013782 seconds
Number of updated asset objects reloaded before import = 0
Number of asset objects unloaded after import = 9
========================================================================
Received Import Request.
  Time since last request: 0.004433 seconds.
  path: Assets/we/02.Map/Ocean_map/Ocean_Han/Ata Khani/Modular Sewer Props/Textures/Cloth_Lights MaskMap.png
  artifactKey: Guid(42f2e8f0d444aef49a8a694bc8b1f586) Importer(815301076,1909f56bfc062723c751e8b465ee728b)
Start importing Assets/we/02.Map/Ocean_map/Ocean_Han/Ata Khani/Modular Sewer Props/Textures/Cloth_Lights MaskMap.png using Guid(42f2e8f0d444aef49a8a694bc8b1f586) Importer(815301076,1909f56bfc062723c751e8b465ee728b)  -> (artifact id: 'c8b31ba275ad6f639e55230ae374e0cf') in 0.048478 seconds
Number of updated asset objects reloaded before import = 0
Number of asset objects unloaded after import = 2
========================================================================
Received Import Request.
  Time since last request: 0.002324 seconds.
  path: Assets/we/02.Map/Ocean_map/Ocean_Dolphin/Script/Flute.cs
  artifactKey: Guid(57f50433cf94a774494f57bef354dfdc) Importer(815301076,1909f56bfc062723c751e8b465ee728b)
Start importing Assets/we/02.Map/Ocean_map/Ocean_Dolphin/Script/Flute.cs using Guid(57f50433cf94a774494f57bef354dfdc) Importer(815301076,1909f56bfc062723c751e8b465ee728b)  -> (artifact id: 'dd5ac6ce50e42e6cba6072590358697f') in 0.000569 seconds
Number of updated asset objects reloaded before import = 0
Number of asset objects unloaded after import = 0
========================================================================
Received Import Request.
  Time since last request: 0.002945 seconds.
  path: Assets/we/02.Map/Ocean_map/Ocean_Han/Ata Khani/Modular Sewer Props/Materials/Cloth_Lights_Glass_Mat.mat
  artifactKey: Guid(25457f31c571f844d9724200e053c3d0) Importer(815301076,1909f56bfc062723c751e8b465ee728b)
Start importing Assets/we/02.Map/Ocean_map/Ocean_Han/Ata Khani/Modular Sewer Props/Materials/Cloth_Lights_Glass_Mat.mat using Guid(25457f31c571f844d9724200e053c3d0) Importer(815301076,1909f56bfc062723c751e8b465ee728b)  -> (artifact id: '566a7f738536444766f66c0747866010') in 0.122234 seconds
Number of updated asset objects reloaded before import = 0
Number of asset objects unloaded after import = 6
========================================================================
Received Import Request.
  Time since last request: 0.003597 seconds.
  path: Assets/we/02.Map/Ocean_map/Ocean_Han/RockFREE/Textures/rock1_Occlusion.png
  artifactKey: Guid(3b15e54c59196c1419009746926fb72e) Importer(815301076,1909f56bfc062723c751e8b465ee728b)
Start importing Assets/we/02.Map/Ocean_map/Ocean_Han/RockFREE/Textures/rock1_Occlusion.png using Guid(3b15e54c59196c1419009746926fb72e) Importer(815301076,1909f56bfc062723c751e8b465ee728b)  -> (artifact id: '84c7bb1f84c4a3577a5e09b2420ced17') in 0.019183 seconds
Number of updated asset objects reloaded before import = 0
Number of asset objects unloaded after import = 2
========================================================================
Received Import Request.
  Time since last request: 0.002828 seconds.
  path: Assets/we/02.Map/Ocean_map/Ocean_Han/RockFREE/Textures/rock3_Occlusion.png
  artifactKey: Guid(ed6e59ac8d1070a49a71709a9803c354) Importer(815301076,1909f56bfc062723c751e8b465ee728b)
Start importing Assets/we/02.Map/Ocean_map/Ocean_Han/RockFREE/Textures/rock3_Occlusion.png using Guid(ed6e59ac8d1070a49a71709a9803c354) Importer(815301076,1909f56bfc062723c751e8b465ee728b)  -> (artifact id: '35e57036a8717384b9b99a824da9bd2c') in 0.019526 seconds
Number of updated asset objects reloaded before import = 0
Number of asset objects unloaded after import = 2
========================================================================
Received Import Request.
  Time since last request: 0.002089 seconds.
  path: Assets/we/02.Map/Ocean_map/Ocean_Han/Sailing Ships/Materials/FabricWeave/FabricWeave_DISP.png
  artifactKey: Guid(f48b9cc9afdbeab4b8a020fb892252d0) Importer(815301076,1909f56bfc062723c751e8b465ee728b)
Start importing Assets/we/02.Map/Ocean_map/Ocean_Han/Sailing Ships/Materials/FabricWeave/FabricWeave_DISP.png using Guid(f48b9cc9afdbeab4b8a020fb892252d0) Importer(815301076,1909f56bfc062723c751e8b465ee728b)  -> (artifact id: '3247321ed3ba75bc159a0c952687e2fd') in 0.052790 seconds
Number of updated asset objects reloaded before import = 0
Number of asset objects unloaded after import = 2
========================================================================
Received Import Request.
  Time since last request: 0.002166 seconds.
  path: Assets/we/02.Map/Ocean_map/Ocean_Dolphin/1. Objects/Fireworks/Battery/Model/Battery.obj
  artifactKey: Guid(02399d7fb4de87e48b753c2c17944b92) Importer(815301076,1909f56bfc062723c751e8b465ee728b)
Start importing Assets/we/02.Map/Ocean_map/Ocean_Dolphin/1. Objects/Fireworks/Battery/Model/Battery.obj using Guid(02399d7fb4de87e48b753c2c17944b92) Importer(815301076,1909f56bfc062723c751e8b465ee728b)  -> (artifact id: '480b76ec90af2cacba0a70d55301cc1f') in 0.018447 seconds
Number of updated asset objects reloaded before import = 0
Number of asset objects unloaded after import = 11
========================================================================
Received Import Request.
  Time since last request: 0.001978 seconds.
  path: Assets/we/02.Map/Ocean_map/Ocean_Han/RockFREE/Textures/rock2_Occlusion.png
  artifactKey: Guid(9a0180519075735469860ff43d307486) Importer(815301076,1909f56bfc062723c751e8b465ee728b)
Start importing Assets/we/02.Map/Ocean_map/Ocean_Han/RockFREE/Textures/rock2_Occlusion.png using Guid(9a0180519075735469860ff43d307486) Importer(815301076,1909f56bfc062723c751e8b465ee728b)  -> (artifact id: '836bbe1289e213db88de211736b56245') in 0.019438 seconds
Number of updated asset objects reloaded before import = 0
Number of asset objects unloaded after import = 2
========================================================================
Received Import Request.
  Time since last request: 0.002641 seconds.
  path: Assets/we/02.Map/Ocean_map/Ocean_Dolphin/1. Objects/Dolphins/meshes/Object_2_2_0.asset
  artifactKey: Guid(7bf94ff48c5f83543968cba4657be89a) Importer(815301076,1909f56bfc062723c751e8b465ee728b)
Start importing Assets/we/02.Map/Ocean_map/Ocean_Dolphin/1. Objects/Dolphins/meshes/Object_2_2_0.asset using Guid(7bf94ff48c5f83543968cba4657be89a) Importer(815301076,1909f56bfc062723c751e8b465ee728b)  -> (artifact id: 'b64b3a0d6be2639c0189a05d35a7dcc0') in 0.011024 seconds
Number of updated asset objects reloaded before import = 0
Number of asset objects unloaded after import = 2
========================================================================
Received Import Request.
  Time since last request: 0.001947 seconds.
  path: Assets/we/02.Map/Ocean_map/Ocean_Dolphin/1. Objects/Fireworks/Battery/Material/Battery texture.mat
  artifactKey: Guid(8a2be7321578f9e4bbac96e346289f9e) Importer(815301076,1909f56bfc062723c751e8b465ee728b)
Start importing Assets/we/02.Map/Ocean_map/Ocean_Dolphin/1. Objects/Fireworks/Battery/Material/Battery texture.mat using Guid(8a2be7321578f9e4bbac96e346289f9e) Importer(815301076,1909f56bfc062723c751e8b465ee728b)  -> (artifact id: 'd1e350eace21854962311aa2c4388463') in 0.023918 seconds
Number of updated asset objects reloaded before import = 0
Number of asset objects unloaded after import = 3
========================================================================
Received Import Request.
  Time since last request: 0.002147 seconds.
  path: Assets/we/02.Map/Ocean_map/Ocean_Dolphin/1. Objects/Fireworks/Rocket 3/Script/Rocket3.cs
  artifactKey: Guid(86f72b65c2cbbfa4b85469780afa4374) Importer(815301076,1909f56bfc062723c751e8b465ee728b)
Start importing Assets/we/02.Map/Ocean_map/Ocean_Dolphin/1. Objects/Fireworks/Rocket 3/Script/Rocket3.cs using Guid(86f72b65c2cbbfa4b85469780afa4374) Importer(815301076,1909f56bfc062723c751e8b465ee728b)  -> (artifact id: '1802f6424d95a3a4ffedadde61a22977') in 0.000567 seconds
Number of updated asset objects reloaded before import = 0
Number of asset objects unloaded after import = 0
========================================================================
Received Import Request.
  Time since last request: 0.002047 seconds.
  path: Assets/we/02.Map/Ocean_map/Ocean_Dolphin/1. Objects/Fireworks/Rocket 5/Script/Rocket5.cs
  artifactKey: Guid(9203bc5225d00fe46a6389a90dcc49c8) Importer(815301076,1909f56bfc062723c751e8b465ee728b)
Start importing Assets/we/02.Map/Ocean_map/Ocean_Dolphin/1. Objects/Fireworks/Rocket 5/Script/Rocket5.cs using Guid(9203bc5225d00fe46a6389a90dcc49c8) Importer(815301076,1909f56bfc062723c751e8b465ee728b)  -> (artifact id: '686b4318d029e7eb9c13c63c4aac4e1d') in 0.000459 seconds
Number of updated asset objects reloaded before import = 0
Number of asset objects unloaded after import = 0
========================================================================
Received Import Request.
  Time since last request: 0.002106 seconds.
  path: Assets/we/02.Map/Ocean_map/Ocean_Han/RockFREE/mesh/rock1_LOD0.fbx
  artifactKey: Guid(395cce1cea808a54c8df538cf4ff0a21) Importer(815301076,1909f56bfc062723c751e8b465ee728b)
Start importing Assets/we/02.Map/Ocean_map/Ocean_Han/RockFREE/mesh/rock1_LOD0.fbx using Guid(395cce1cea808a54c8df538cf4ff0a21) Importer(815301076,1909f56bfc062723c751e8b465ee728b)  -> (artifact id: 'e9d233661f2bb823e3a98323e8d93d77') in 0.041801 seconds
Number of updated asset objects reloaded before import = 0
Number of asset objects unloaded after import = 13
========================================================================
Received Import Request.
  Time since last request: 0.002439 seconds.
  path: Assets/we/02.Map/Ocean_map/Ocean_Dolphin/1. Objects/Fireworks/Firecracker 1/Script/Firecracker1.cs
  artifactKey: Guid(1ff8297579d6b7342b80b317a515ca9a) Importer(815301076,1909f56bfc062723c751e8b465ee728b)
Start importing Assets/we/02.Map/Ocean_map/Ocean_Dolphin/1. Objects/Fireworks/Firecracker 1/Script/Firecracker1.cs using Guid(1ff8297579d6b7342b80b317a515ca9a) Importer(815301076,1909f56bfc062723c751e8b465ee728b)  -> (artifact id: '8d682207ecd3807b3dbf903e5a68a731') in 0.000602 seconds
Number of updated asset objects reloaded before import = 0
Number of asset objects unloaded after import = 0
========================================================================
Received Import Request.
  Time since last request: 0.007292 seconds.
  path: Assets/we/02.Map/Ocean_map/Ocean_Han/Ata Khani/Modular Sewer Props/Textures/Cloth_Lights_normal.png
  artifactKey: Guid(0159e8041aae0ad4499325795bd7a2a7) Importer(815301076,1909f56bfc062723c751e8b465ee728b)
Start importing Assets/we/02.Map/Ocean_map/Ocean_Han/Ata Khani/Modular Sewer Props/Textures/Cloth_Lights_normal.png using Guid(0159e8041aae0ad4499325795bd7a2a7) Importer(815301076,1909f56bfc062723c751e8b465ee728b)  -> (artifact id: 'c9c782b9d624eedf651ff815cae1b49b') in 0.042617 seconds
Number of updated asset objects reloaded before import = 0
Number of asset objects unloaded after import = 2
========================================================================
Received Import Request.
  Time since last request: 0.003132 seconds.
  path: Assets/we/02.Map/Ocean_map/Ocean_Han/Reflection.prefab
  artifactKey: Guid(0e2c66ced99761942af80721ac075572) Importer(815301076,1909f56bfc062723c751e8b465ee728b)
Start importing Assets/we/02.Map/Ocean_map/Ocean_Han/Reflection.prefab using Guid(0e2c66ced99761942af80721ac075572) Importer(815301076,1909f56bfc062723c751e8b465ee728b)  -> (artifact id: 'c2fa31167a6123f82bde659299e94dc5') in 0.002863 seconds
Number of updated asset objects reloaded before import = 0
Number of asset objects unloaded after import = 7
========================================================================
Received Import Request.
  Time since last request: 0.001892 seconds.
  path: Assets/we/02.Map/Ocean_map/Ocean_Dolphin/Script/FireworkUnit.cs
  artifactKey: Guid(ac2b16432a8443745920b098a247677a) Importer(815301076,1909f56bfc062723c751e8b465ee728b)
Start importing Assets/we/02.Map/Ocean_map/Ocean_Dolphin/Script/FireworkUnit.cs using Guid(ac2b16432a8443745920b098a247677a) Importer(815301076,1909f56bfc062723c751e8b465ee728b)  -> (artifact id: '23a387843a3aede4fc87cce1d7fc49cb') in 0.000499 seconds
Number of updated asset objects reloaded before import = 0
Number of asset objects unloaded after import = 0
========================================================================
Received Import Request.
  Time since last request: 0.005422 seconds.
  path: Assets/we/02.Map/Ocean_map/Ocean_Han/Sailing Ships/Materials/FabricWeave/FabricWeave_COL.png
  artifactKey: Guid(91240847307dcfe43ae032e23213d908) Importer(815301076,1909f56bfc062723c751e8b465ee728b)
Start importing Assets/we/02.Map/Ocean_map/Ocean_Han/Sailing Ships/Materials/FabricWeave/FabricWeave_COL.png using Guid(91240847307dcfe43ae032e23213d908) Importer(815301076,1909f56bfc062723c751e8b465ee728b)  -> (artifact id: 'b31ec660fcda816ce89cf9dbc921cfb5') in 0.036849 seconds
Number of updated asset objects reloaded before import = 0
Number of asset objects unloaded after import = 2
========================================================================
Received Import Request.
  Time since last request: 0.003066 seconds.
  path: Assets/we/02.Map/Ocean_map/Ocean_Han/RockFREE/LODGroups/rock1_LOD0.prefab
  artifactKey: Guid(7c251b344139b0e409fb265cc2c3efc3) Importer(815301076,1909f56bfc062723c751e8b465ee728b)
Start importing Assets/we/02.Map/Ocean_map/Ocean_Han/RockFREE/LODGroups/rock1_LOD0.prefab using Guid(7c251b344139b0e409fb265cc2c3efc3) Importer(815301076,1909f56bfc062723c751e8b465ee728b)  -> (artifact id: 'd8873a707089c85bb4acbd20b2d26846') in 0.039159 seconds
Number of updated asset objects reloaded before import = 0
Number of asset objects unloaded after import = 31
========================================================================
Received Import Request.
  Time since last request: 0.002429 seconds.
  path: Assets/we/02.Map/Ocean_map/Ocean_Han/RockFREE/LODGroups/rock3_LOD0.prefab
  artifactKey: Guid(a07bba0f0f6b70d428d5928a74460267) Importer(815301076,1909f56bfc062723c751e8b465ee728b)
Start importing Assets/we/02.Map/Ocean_map/Ocean_Han/RockFREE/LODGroups/rock3_LOD0.prefab using Guid(a07bba0f0f6b70d428d5928a74460267) Importer(815301076,1909f56bfc062723c751e8b465ee728b)  -> (artifact id: '7fbaedf1af984eacbcd991895555eef3') in 0.062565 seconds
Number of updated asset objects reloaded before import = 0
Number of asset objects unloaded after import = 36
========================================================================
Received Import Request.
  Time since last request: 0.003189 seconds.
  path: Assets/we/02.Map/Ocean_map/Ocean_Dolphin/1. Objects/Fireworks/Rocket 3/Sounds/Rocket3 Sound.wav
  artifactKey: Guid(da9d49f1a831b394c8f879671be90b8b) Importer(815301076,1909f56bfc062723c751e8b465ee728b)
Start importing Assets/we/02.Map/Ocean_map/Ocean_Dolphin/1. Objects/Fireworks/Rocket 3/Sounds/Rocket3 Sound.wav using Guid(da9d49f1a831b394c8f879671be90b8b) Importer(815301076,1909f56bfc062723c751e8b465ee728b)  -> (artifact id: 'b7f155b5e427f3c096d9fcb75604ba27') in 0.011000 seconds
Number of updated asset objects reloaded before import = 0
Number of asset objects unloaded after import = 2
========================================================================
Received Import Request.
  Time since last request: 0.004254 seconds.
  path: Assets/we/02.Map/Ocean_map/Ocean_Han/Ata Khani/Modular Sewer Props/Textures/Trim_Wood_basecolor.png
  artifactKey: Guid(ba32813b79af53f4b90115086745e69c) Importer(815301076,1909f56bfc062723c751e8b465ee728b)
Start importing Assets/we/02.Map/Ocean_map/Ocean_Han/Ata Khani/Modular Sewer Props/Textures/Trim_Wood_basecolor.png using Guid(ba32813b79af53f4b90115086745e69c) Importer(815301076,1909f56bfc062723c751e8b465ee728b)  -> (artifact id: '729f48f7a7e9eff436a6b3d4ceacf99f') in 0.044236 seconds
Number of updated asset objects reloaded before import = 0
Number of asset objects unloaded after import = 2
========================================================================
Received Import Request.
  Time since last request: 0.002456 seconds.
  path: Assets/we/02.Map/Ocean_map/Ocean_Dolphin/Script/RopeScripts/RopeSocketResponder.cs
  artifactKey: Guid(3a1b90304a29108428e89f95be240a2c) Importer(815301076,1909f56bfc062723c751e8b465ee728b)
Start importing Assets/we/02.Map/Ocean_map/Ocean_Dolphin/Script/RopeScripts/RopeSocketResponder.cs using Guid(3a1b90304a29108428e89f95be240a2c) Importer(815301076,1909f56bfc062723c751e8b465ee728b)  -> (artifact id: '6bb586b0ea15dcc9d2a748157979aec2') in 0.000642 seconds
Number of updated asset objects reloaded before import = 0
Number of asset objects unloaded after import = 0
========================================================================
Received Import Request.
  Time since last request: 0.002048 seconds.
  path: Assets/we/02.Map/Ocean_map/Ocean_Dolphin/1. Objects/Old Sea Port/EffectExamples/Shared/Scripts/DecalDestroyer.cs
  artifactKey: Guid(b3cedb949dfc6b44aa88e1e82ba6471d) Importer(815301076,1909f56bfc062723c751e8b465ee728b)
Start importing Assets/we/02.Map/Ocean_map/Ocean_Dolphin/1. Objects/Old Sea Port/EffectExamples/Shared/Scripts/DecalDestroyer.cs using Guid(b3cedb949dfc6b44aa88e1e82ba6471d) Importer(815301076,1909f56bfc062723c751e8b465ee728b)  -> (artifact id: '5de35ad8be6938b4d39333ab9281af68') in 0.000490 seconds
Number of updated asset objects reloaded before import = 0
Number of asset objects unloaded after import = 0
========================================================================
Received Import Request.
  Time since last request: 0.002089 seconds.
  path: Assets/we/02.Map/Ocean_map/Ocean_Dolphin/1. Objects/Old Sea Port/EffectExamples/Shared/Scripts/ParticleCollision.cs
  artifactKey: Guid(4c111b630ead2a349b4c4cbf7a810085) Importer(815301076,1909f56bfc062723c751e8b465ee728b)
Start importing Assets/we/02.Map/Ocean_map/Ocean_Dolphin/1. Objects/Old Sea Port/EffectExamples/Shared/Scripts/ParticleCollision.cs using Guid(4c111b630ead2a349b4c4cbf7a810085) Importer(815301076,1909f56bfc062723c751e8b465ee728b)  -> (artifact id: 'd8b5819775826ffa4db8aeb8d79b91ff') in 0.000504 seconds
Number of updated asset objects reloaded before import = 0
Number of asset objects unloaded after import = 0
========================================================================
Received Import Request.
  Time since last request: 0.002371 seconds.
  path: Assets/we/02.Map/Ocean_map/Ocean_Dolphin/1. Objects/Dolphins/meshes/Object_1_1_0.asset
  artifactKey: Guid(f76cbe1754d76ff4fa9e25a015e7e126) Importer(815301076,1909f56bfc062723c751e8b465ee728b)
Start importing Assets/we/02.Map/Ocean_map/Ocean_Dolphin/1. Objects/Dolphins/meshes/Object_1_1_0.asset using Guid(f76cbe1754d76ff4fa9e25a015e7e126) Importer(815301076,1909f56bfc062723c751e8b465ee728b)  -> (artifact id: 'ab47ac9e9deba268e064484536f29f36') in 0.010730 seconds
Number of updated asset objects reloaded before import = 0
Number of asset objects unloaded after import = 2
========================================================================
Received Import Request.
  Time since last request: 0.003672 seconds.
  path: Assets/we/02.Map/Ocean_map/Ocean_Han/RockFREE/Textures/rock1_Metallic.tga
  artifactKey: Guid(0928c82f01854414980fbe8d1c86be37) Importer(815301076,1909f56bfc062723c751e8b465ee728b)
Start importing Assets/we/02.Map/Ocean_map/Ocean_Han/RockFREE/Textures/rock1_Metallic.tga using Guid(0928c82f01854414980fbe8d1c86be37) Importer(815301076,1909f56bfc062723c751e8b465ee728b)  -> (artifact id: '05921f375b46ad97368ba92e2221ef64') in 0.019522 seconds
Number of updated asset objects reloaded before import = 0
Number of asset objects unloaded after import = 2
========================================================================
Received Import Request.
  Time since last request: 0.005030 seconds.
  path: Assets/we/02.Map/Ocean_map/Ocean_Han/Sailing Ships/Materials/WoodFineDark/WoodFineDark_COL.png
  artifactKey: Guid(43c1fa9f35e1f7945b17c3bbc488a795) Importer(815301076,1909f56bfc062723c751e8b465ee728b)
Start importing Assets/we/02.Map/Ocean_map/Ocean_Han/Sailing Ships/Materials/WoodFineDark/WoodFineDark_COL.png using Guid(43c1fa9f35e1f7945b17c3bbc488a795) Importer(815301076,1909f56bfc062723c751e8b465ee728b)  -> (artifact id: '7bea40d0a0b05d2d4cde5c22a9f65dbe') in 0.036987 seconds
Number of updated asset objects reloaded before import = 0
Number of asset objects unloaded after import = 2
========================================================================
Received Import Request.
  Time since last request: 0.002453 seconds.
  path: Assets/we/02.Map/Ocean_map/Ocean_Dolphin/Script/FuseBox.cs
  artifactKey: Guid(779fb10c1fed3a74ab8ef69e7c430700) Importer(815301076,1909f56bfc062723c751e8b465ee728b)
Start importing Assets/we/02.Map/Ocean_map/Ocean_Dolphin/Script/FuseBox.cs using Guid(779fb10c1fed3a74ab8ef69e7c430700) Importer(815301076,1909f56bfc062723c751e8b465ee728b)  -> (artifact id: 'c5bd4ef06a72b122595205f116bef706') in 0.000545 seconds
Number of updated asset objects reloaded before import = 0
Number of asset objects unloaded after import = 0
========================================================================
Received Import Request.
  Time since last request: 0.002018 seconds.
  path: Assets/we/02.Map/Ocean_map/Ocean_Han/RockFREE/Materials/rock3_Albedo.mat
  artifactKey: Guid(21f19aea2c13188419faa3d522346735) Importer(815301076,1909f56bfc062723c751e8b465ee728b)
Start importing Assets/we/02.Map/Ocean_map/Ocean_Han/RockFREE/Materials/rock3_Albedo.mat using Guid(21f19aea2c13188419faa3d522346735) Importer(815301076,1909f56bfc062723c751e8b465ee728b)  -> (artifact id: '4d901bec4a56680f939f92596abbf5c1') in 0.038993 seconds
Number of updated asset objects reloaded before import = 0
Number of asset objects unloaded after import = 6
========================================================================
Received Import Request.
  Time since last request: 0.010190 seconds.
  path: Assets/we/02.Map/Ocean_map/Ocean_Han/Sailing Ships/Materials/WoodFineDark/WoodFineDark_NRM.png
  artifactKey: Guid(44274d9526d53a04da8bcb90703e550e) Importer(815301076,1909f56bfc062723c751e8b465ee728b)
Start importing Assets/we/02.Map/Ocean_map/Ocean_Han/Sailing Ships/Materials/WoodFineDark/WoodFineDark_NRM.png using Guid(44274d9526d53a04da8bcb90703e550e) Importer(815301076,1909f56bfc062723c751e8b465ee728b)  -> (artifact id: '3514bd61394565a0296c9faf884da9aa') in 0.039215 seconds
Number of updated asset objects reloaded before import = 0
Number of asset objects unloaded after import = 2
========================================================================
Received Import Request.
  Time since last request: 0.017174 seconds.
  path: Assets/we/02.Map/Ocean_map/Ocean_Dolphin/1. Objects/seaShell/textures/hdrpMaps/seaShell_Normal.tga
  artifactKey: Guid(cfecdd8a7a218524a9c27841b9230134) Importer(815301076,1909f56bfc062723c751e8b465ee728b)
Start importing Assets/we/02.Map/Ocean_map/Ocean_Dolphin/1. Objects/seaShell/textures/hdrpMaps/seaShell_Normal.tga using Guid(cfecdd8a7a218524a9c27841b9230134) Importer(815301076,1909f56bfc062723c751e8b465ee728b)  -> (artifact id: '959ba73a80c3830a10e8708d75d656da') in 0.135443 seconds
Number of updated asset objects reloaded before import = 0
Number of asset objects unloaded after import = 2
========================================================================
Received Import Request.
  Time since last request: 0.004190 seconds.
  path: Assets/we/02.Map/Ocean_map/Ocean_Han/Sailing Ships/Materials/FabricWeave/FabricWeave_NRM.png
  artifactKey: Guid(3a68f61e3cf8a2c4dae312302b7b54b2) Importer(815301076,1909f56bfc062723c751e8b465ee728b)
Start importing Assets/we/02.Map/Ocean_map/Ocean_Han/Sailing Ships/Materials/FabricWeave/FabricWeave_NRM.png using Guid(3a68f61e3cf8a2c4dae312302b7b54b2) Importer(815301076,1909f56bfc062723c751e8b465ee728b)  -> (artifact id: '83c710a9e7a2831d70f7b2e6e6e6d131') in 0.044156 seconds
Number of updated asset objects reloaded before import = 0
Number of asset objects unloaded after import = 2
========================================================================
Received Import Request.
  Time since last request: 0.002591 seconds.
  path: Assets/we/02.Map/Ocean_map/Ocean_Dolphin/Animation/Dolphin2.anim
  artifactKey: Guid(56d2ea1008437bf428266c5c1959579c) Importer(815301076,1909f56bfc062723c751e8b465ee728b)
Start importing Assets/we/02.Map/Ocean_map/Ocean_Dolphin/Animation/Dolphin2.anim using Guid(56d2ea1008437bf428266c5c1959579c) Importer(815301076,1909f56bfc062723c751e8b465ee728b)  -> (artifact id: '9c350acb0b901b1b659c81bf62d6596c') in 0.001412 seconds
Number of updated asset objects reloaded before import = 0
Number of asset objects unloaded after import = 1
========================================================================
Received Import Request.
  Time since last request: 0.002751 seconds.
  path: Assets/we/02.Map/Ocean_map/Ocean_Dolphin/1. Objects/Fireworks/Rocket 1/Prefab/Rocket 1.prefab
  artifactKey: Guid(98a1fd3bb8bec6f4ba9f2157d347fca6) Importer(815301076,1909f56bfc062723c751e8b465ee728b)
Start importing Assets/we/02.Map/Ocean_map/Ocean_Dolphin/1. Objects/Fireworks/Rocket 1/Prefab/Rocket 1.prefab using Guid(98a1fd3bb8bec6f4ba9f2157d347fca6) Importer(815301076,1909f56bfc062723c751e8b465ee728b)  -> (artifact id: 'e050bd6da812e8fc949534bcc488f583') in 0.033743 seconds
Number of updated asset objects reloaded before import = 0
Number of asset objects unloaded after import = 77
========================================================================
Received Import Request.
  Time since last request: 0.000023 seconds.
  path: Assets/we/02.Map/Ocean_map/Ocean_Dolphin/1. Objects/Fireworks/Rocket 1/Script/Rocket1.cs
  artifactKey: Guid(a3818cb2f6a6fea4986e0ca119b83c72) Importer(815301076,1909f56bfc062723c751e8b465ee728b)
Start importing Assets/we/02.Map/Ocean_map/Ocean_Dolphin/1. Objects/Fireworks/Rocket 1/Script/Rocket1.cs using Guid(a3818cb2f6a6fea4986e0ca119b83c72) Importer(815301076,1909f56bfc062723c751e8b465ee728b)  -> (artifact id: '508ac3890fb40a6fef08f3dd969be6f2') in 0.000513 seconds
Number of updated asset objects reloaded before import = 0
Number of asset objects unloaded after import = 0
========================================================================
Received Import Request.
  Time since last request: 0.002102 seconds.
  path: Assets/we/02.Map/Ocean_map/Ocean_Dolphin/1. Objects/Fireworks/Battery/Model/Materials/defaultMat.mat
  artifactKey: Guid(27cd4bd6011ebea4981bee5ec13a08b4) Importer(815301076,1909f56bfc062723c751e8b465ee728b)
Start importing Assets/we/02.Map/Ocean_map/Ocean_Dolphin/1. Objects/Fireworks/Battery/Model/Materials/defaultMat.mat using Guid(27cd4bd6011ebea4981bee5ec13a08b4) Importer(815301076,1909f56bfc062723c751e8b465ee728b)  -> (artifact id: '397c5b43bc02ef4b457ff7aa007c2a35') in 0.011769 seconds
Number of updated asset objects reloaded before import = 0
Number of asset objects unloaded after import = 2
========================================================================
Received Import Request.
  Time since last request: 0.002329 seconds.
  path: Assets/we/02.Map/Ocean_map/Ocean_Dolphin/Animation/node_id30_2.controller
  artifactKey: Guid(7cf8776c5a793314e94f7cd809fde7c1) Importer(815301076,1909f56bfc062723c751e8b465ee728b)
Start importing Assets/we/02.Map/Ocean_map/Ocean_Dolphin/Animation/node_id30_2.controller using Guid(7cf8776c5a793314e94f7cd809fde7c1) Importer(815301076,1909f56bfc062723c751e8b465ee728b)  -> (artifact id: '8bea756a60a2c83b79b127ee7b57fca8') in 0.002030 seconds
Number of updated asset objects reloaded before import = 0
Number of asset objects unloaded after import = 6
========================================================================
Received Import Request.
  Time since last request: 0.002580 seconds.
  path: Assets/we/02.Map/Ocean_map/Ocean_Han/RockFREE/Textures/rock1_Normal.png
  artifactKey: Guid(aac47418816937847a25309d17d11975) Importer(815301076,1909f56bfc062723c751e8b465ee728b)
Start importing Assets/we/02.Map/Ocean_map/Ocean_Han/RockFREE/Textures/rock1_Normal.png using Guid(aac47418816937847a25309d17d11975) Importer(815301076,1909f56bfc062723c751e8b465ee728b)  -> (artifact id: 'b431ce779a5ca9fcc65b8ec392a607dc') in 0.021759 seconds
Number of updated asset objects reloaded before import = 0
Number of asset objects unloaded after import = 2
========================================================================
Received Import Request.
  Time since last request: 0.002628 seconds.
  path: Assets/we/02.Map/Ocean_map/Ocean_Dolphin/Animation/node_id38_1.controller
  artifactKey: Guid(890a34b56cf212646a4c1ac7e92ecd62) Importer(815301076,1909f56bfc062723c751e8b465ee728b)
Start importing Assets/we/02.Map/Ocean_map/Ocean_Dolphin/Animation/node_id38_1.controller using Guid(890a34b56cf212646a4c1ac7e92ecd62) Importer(815301076,1909f56bfc062723c751e8b465ee728b)  -> (artifact id: '28fbe20eea4955c810a0f28be9f96553') in 0.001501 seconds
Number of updated asset objects reloaded before import = 0
Number of asset objects unloaded after import = 6
========================================================================
Received Import Request.
  Time since last request: 0.001829 seconds.
  path: Assets/we/02.Map/Ocean_map/Ocean_Dolphin/1. Objects/Old Sea Port/EffectExamples/Shared/Scripts/ParticleExamples.cs
  artifactKey: Guid(1708b2ad8d149415d8ceffa3a0ae252f) Importer(815301076,1909f56bfc062723c751e8b465ee728b)
Start importing Assets/we/02.Map/Ocean_map/Ocean_Dolphin/1. Objects/Old Sea Port/EffectExamples/Shared/Scripts/ParticleExamples.cs using Guid(1708b2ad8d149415d8ceffa3a0ae252f) Importer(815301076,1909f56bfc062723c751e8b465ee728b)  -> (artifact id: 'f804c4beaa0ceab251488b100fee73a8') in 0.000454 seconds
Number of updated asset objects reloaded before import = 0
Number of asset objects unloaded after import = 0
========================================================================
Received Import Request.
  Time since last request: 0.002561 seconds.
  path: Assets/we/02.Map/Ocean_map/Ocean_Han/RockFREE/Textures/rock2_Albedo.png
  artifactKey: Guid(6796fb35b3afa6f4db6be3634906dafe) Importer(815301076,1909f56bfc062723c751e8b465ee728b)
Start importing Assets/we/02.Map/Ocean_map/Ocean_Han/RockFREE/Textures/rock2_Albedo.png using Guid(6796fb35b3afa6f4db6be3634906dafe) Importer(815301076,1909f56bfc062723c751e8b465ee728b)  -> (artifact id: 'e8bf178bf89ea75d81e1ebc84ae7db5f') in 0.019123 seconds
Number of updated asset objects reloaded before import = 0
Number of asset objects unloaded after import = 2
========================================================================
Received Import Request.
  Time since last request: 0.003277 seconds.
  path: Assets/we/02.Map/Ocean_map/Ocean_Han/RockFREE/mesh/rock5_LOD0.fbx
  artifactKey: Guid(9759fb3c5a5198e4b928b7cda7b8d139) Importer(815301076,1909f56bfc062723c751e8b465ee728b)
Start importing Assets/we/02.Map/Ocean_map/Ocean_Han/RockFREE/mesh/rock5_LOD0.fbx using Guid(9759fb3c5a5198e4b928b7cda7b8d139) Importer(815301076,1909f56bfc062723c751e8b465ee728b)  -> (artifact id: 'e2d796d208a576c94fa7eeffdadcd125') in 0.045341 seconds
Number of updated asset objects reloaded before import = 0
Number of asset objects unloaded after import = 13
========================================================================
Received Import Request.
  Time since last request: 0.007960 seconds.
  path: Assets/we/02.Map/Ocean_map/Ocean_Han/RockFREE/Textures/Terrain_Textures/Ground_Textures/Terr_Cliff_Rock_Normal.psd
  artifactKey: Guid(98b4ee744ae41e343a3e6f5e84f71f71) Importer(815301076,1909f56bfc062723c751e8b465ee728b)
Start importing Assets/we/02.Map/Ocean_map/Ocean_Han/RockFREE/Textures/Terrain_Textures/Ground_Textures/Terr_Cliff_Rock_Normal.psd using Guid(98b4ee744ae41e343a3e6f5e84f71f71) Importer(815301076,1909f56bfc062723c751e8b465ee728b)  -> (artifact id: '405a42bd7c72b10e9fafe744eace8234') in 0.020519 seconds
Number of updated asset objects reloaded before import = 0
Number of asset objects unloaded after import = 2
========================================================================
Received Import Request.
  Time since last request: 0.002355 seconds.
  path: Assets/we/02.Map/Ocean_map/Ocean_Dolphin/Animation/Dolphin3.anim
  artifactKey: Guid(db25f909b6d1e8648a8b017be4a0deb9) Importer(815301076,1909f56bfc062723c751e8b465ee728b)
Start importing Assets/we/02.Map/Ocean_map/Ocean_Dolphin/Animation/Dolphin3.anim using Guid(db25f909b6d1e8648a8b017be4a0deb9) Importer(815301076,1909f56bfc062723c751e8b465ee728b)  -> (artifact id: '96bbbb79ab856c12e1051da0958d086b') in 0.001429 seconds
Number of updated asset objects reloaded before import = 0
Number of asset objects unloaded after import = 1
========================================================================
Received Import Request.
  Time since last request: 0.003703 seconds.
  path: Assets/we/02.Map/Ocean_map/Ocean_Han/Ata Khani/Modular Sewer Props/Textures/Trim_Wood MaskMap.png
  artifactKey: Guid(bdba6d22c3fee6545bcd421df1a3b76f) Importer(815301076,1909f56bfc062723c751e8b465ee728b)
Start importing Assets/we/02.Map/Ocean_map/Ocean_Han/Ata Khani/Modular Sewer Props/Textures/Trim_Wood MaskMap.png using Guid(bdba6d22c3fee6545bcd421df1a3b76f) Importer(815301076,1909f56bfc062723c751e8b465ee728b)  -> (artifact id: 'dc5e8e3703427ff6db128834a879b983') in 0.042540 seconds
Number of updated asset objects reloaded before import = 0
Number of asset objects unloaded after import = 2
========================================================================
Received Import Request.
  Time since last request: 0.003059 seconds.
  path: Assets/we/02.Map/Ocean_map/Oceanmap/Textures/Ocean Water.mat
  artifactKey: Guid(9743d043cc0a0ec4c935f34dedbf0e13) Importer(815301076,1909f56bfc062723c751e8b465ee728b)
Start importing Assets/we/02.Map/Ocean_map/Oceanmap/Textures/Ocean Water.mat using Guid(9743d043cc0a0ec4c935f34dedbf0e13) Importer(815301076,1909f56bfc062723c751e8b465ee728b)  -> (artifact id: '99c5ce17b07a8f84341330df5b7d7649') in 0.056407 seconds
Number of updated asset objects reloaded before import = 0
Number of asset objects unloaded after import = 3
========================================================================
Received Import Request.
  Time since last request: 0.002948 seconds.
  path: Assets/we/02.Map/Ocean_map/Ocean_Han/Ata Khani/Modular Sewer Props/Prefabs/Ladder_B.prefab
  artifactKey: Guid(302aa2e3cb6558049ba5172d84b87aec) Importer(815301076,1909f56bfc062723c751e8b465ee728b)
Start importing Assets/we/02.Map/Ocean_map/Ocean_Han/Ata Khani/Modular Sewer Props/Prefabs/Ladder_B.prefab using Guid(302aa2e3cb6558049ba5172d84b87aec) Importer(815301076,1909f56bfc062723c751e8b465ee728b)  -> (artifact id: '6b2367f17d232494b588eabb100dbc42') in 0.098386 seconds
Number of updated asset objects reloaded before import = 0
Number of asset objects unloaded after import = 30
========================================================================
Received Import Request.
  Time since last request: 0.002186 seconds.
  path: Assets/we/02.Map/Ocean_map/Ocean_Dolphin/1. Objects/seaShell/prefabs/URP/seaShell.prefab
  artifactKey: Guid(2b5917efe059c424282878903fc44db8) Importer(815301076,1909f56bfc062723c751e8b465ee728b)
Start importing Assets/we/02.Map/Ocean_map/Ocean_Dolphin/1. Objects/seaShell/prefabs/URP/seaShell.prefab using Guid(2b5917efe059c424282878903fc44db8) Importer(815301076,1909f56bfc062723c751e8b465ee728b)  -> (artifact id: 'f325ff6b1793ef522d4ae138f5e70679') in 0.764457 seconds
Number of updated asset objects reloaded before import = 0
Number of asset objects unloaded after import = 37
========================================================================
Received Import Request.
  Time since last request: 0.000030 seconds.
  path: Assets/we/02.Map/Ocean_map/Ocean_Dolphin/Script/FireworkRocket.cs
  artifactKey: Guid(898d87d218a654b40800a17a42e2abd2) Importer(815301076,1909f56bfc062723c751e8b465ee728b)
Start importing Assets/we/02.Map/Ocean_map/Ocean_Dolphin/Script/FireworkRocket.cs using Guid(898d87d218a654b40800a17a42e2abd2) Importer(815301076,1909f56bfc062723c751e8b465ee728b)  -> (artifact id: '04fc5b064bad129083eb90f2f75bca9d') in 0.000985 seconds
Number of updated asset objects reloaded before import = 0
Number of asset objects unloaded after import = 0
========================================================================
Received Import Request.
  Time since last request: 0.002273 seconds.
  path: Assets/we/02.Map/Ocean_map/Ocean_Han/Ata Khani/Modular Sewer Props/Scripts/SelectionBase.cs
  artifactKey: Guid(a26bddc9b1d78f94281056828f911ad1) Importer(815301076,1909f56bfc062723c751e8b465ee728b)
Start importing Assets/we/02.Map/Ocean_map/Ocean_Han/Ata Khani/Modular Sewer Props/Scripts/SelectionBase.cs using Guid(a26bddc9b1d78f94281056828f911ad1) Importer(815301076,1909f56bfc062723c751e8b465ee728b)  -> (artifact id: 'cdd3c18b05760657960602571ee2aa8c') in 0.000478 seconds
Number of updated asset objects reloaded before import = 0
Number of asset objects unloaded after import = 0
========================================================================
Received Import Request.
  Time since last request: 0.003246 seconds.
  path: Assets/we/02.Map/Ocean_map/Ocean_Han/RockFREE/Textures/rock3_Metallic.tga
  artifactKey: Guid(db25ba28c1a5cef4abc3e86440d343bb) Importer(815301076,1909f56bfc062723c751e8b465ee728b)
Start importing Assets/we/02.Map/Ocean_map/Ocean_Han/RockFREE/Textures/rock3_Metallic.tga using Guid(db25ba28c1a5cef4abc3e86440d343bb) Importer(815301076,1909f56bfc062723c751e8b465ee728b)  -> (artifact id: '31c8979cf24f2123094360f977f23d45') in 0.023944 seconds
Number of updated asset objects reloaded before import = 0
Number of asset objects unloaded after import = 2
========================================================================
Received Import Request.
  Time since last request: 0.002480 seconds.
  path: Assets/we/02.Map/Ocean_map/Ocean_Dolphin/Animation/RopeUp.anim
  artifactKey: Guid(b6c8d2b07ab409a4eacedf8d8643bccd) Importer(815301076,1909f56bfc062723c751e8b465ee728b)
Start importing Assets/we/02.Map/Ocean_map/Ocean_Dolphin/Animation/RopeUp.anim using Guid(b6c8d2b07ab409a4eacedf8d8643bccd) Importer(815301076,1909f56bfc062723c751e8b465ee728b)  -> (artifact id: '33e9fc856ecd805ca43f393182b6ec9c') in 0.001269 seconds
Number of updated asset objects reloaded before import = 0
Number of asset objects unloaded after import = 1
========================================================================
Received Import Request.
  Time since last request: 0.001923 seconds.
  path: Assets/we/02.Map/Ocean_map/Ocean_Han/RockFREE/mesh/rock1_LOD2.fbx
  artifactKey: Guid(f101d47fcb49a7c46ba553053a42ba56) Importer(815301076,1909f56bfc062723c751e8b465ee728b)
Start importing Assets/we/02.Map/Ocean_map/Ocean_Han/RockFREE/mesh/rock1_LOD2.fbx using Guid(f101d47fcb49a7c46ba553053a42ba56) Importer(815301076,1909f56bfc062723c751e8b465ee728b)  -> (artifact id: '72e441b20599e032d2850c789af16ba4') in 0.044517 seconds
Number of updated asset objects reloaded before import = 0
Number of asset objects unloaded after import = 13
========================================================================
Received Import Request.
  Time since last request: 0.002734 seconds.
  path: Assets/we/02.Map/Ocean_map/Ocean_Dolphin/Script/BoxTriggerLoader.cs
  artifactKey: Guid(7b8cc656c4d3be34b92867f65e6c015a) Importer(815301076,1909f56bfc062723c751e8b465ee728b)
Start importing Assets/we/02.Map/Ocean_map/Ocean_Dolphin/Script/BoxTriggerLoader.cs using Guid(7b8cc656c4d3be34b92867f65e6c015a) Importer(815301076,1909f56bfc062723c751e8b465ee728b)  -> (artifact id: '3841de84649468adc40f4a069c909e69') in 0.000587 seconds
Number of updated asset objects reloaded before import = 0
Number of asset objects unloaded after import = 0
========================================================================
Received Import Request.
  Time since last request: 0.002072 seconds.
  path: Assets/we/02.Map/Ocean_map/Ocean_Dolphin/Script/FireWorkLauncher.cs
  artifactKey: Guid(914b8e03c34f5fc4ea50d6669f7d8b96) Importer(815301076,1909f56bfc062723c751e8b465ee728b)
Start importing Assets/we/02.Map/Ocean_map/Ocean_Dolphin/Script/FireWorkLauncher.cs using Guid(914b8e03c34f5fc4ea50d6669f7d8b96) Importer(815301076,1909f56bfc062723c751e8b465ee728b)  -> (artifact id: '55d8b92f324bda6dbd1d391be117ecaf') in 0.000494 seconds
Number of updated asset objects reloaded before import = 0
Number of asset objects unloaded after import = 0
========================================================================
Received Import Request.
  Time since last request: 0.001989 seconds.
  path: Assets/we/02.Map/Ocean_map/Ocean_Han/RockFREE/mesh/rock3_LOD2.fbx
  artifactKey: Guid(021723daefca0c64ca5ee38d604b5df3) Importer(815301076,1909f56bfc062723c751e8b465ee728b)
Start importing Assets/we/02.Map/Ocean_map/Ocean_Han/RockFREE/mesh/rock3_LOD2.fbx using Guid(021723daefca0c64ca5ee38d604b5df3) Importer(815301076,1909f56bfc062723c751e8b465ee728b)  -> (artifact id: 'a29e7de1ed09d6cbee3465622a7a56de') in 0.044542 seconds
Number of updated asset objects reloaded before import = 0
Number of asset objects unloaded after import = 13
========================================================================
Received Import Request.
  Time since last request: 0.002099 seconds.
  path: Assets/we/02.Map/Ocean_map/Ocean_Han/Sailing Ships/Materials/IronRusty.mat
  artifactKey: Guid(1d58ad5cdd8aeae4aa199218620af25f) Importer(815301076,1909f56bfc062723c751e8b465ee728b)
Start importing Assets/we/02.Map/Ocean_map/Ocean_Han/Sailing Ships/Materials/IronRusty.mat using Guid(1d58ad5cdd8aeae4aa199218620af25f) Importer(815301076,1909f56bfc062723c751e8b465ee728b)  -> (artifact id: '388b563a4b97140d89c04dd50f3747d8') in 0.038464 seconds
Number of updated asset objects reloaded before import = 0
Number of asset objects unloaded after import = 6
========================================================================
Received Import Request.
  Time since last request: 0.002596 seconds.
  path: Assets/we/02.Map/Ocean_map/Ocean_Dolphin/1. Objects/Old Sea Port/prefabs/rope_3.prefab
  artifactKey: Guid(72281b9d1ce3f3e4da8ab92b2d502470) Importer(815301076,1909f56bfc062723c751e8b465ee728b)
Start importing Assets/we/02.Map/Ocean_map/Ocean_Dolphin/1. Objects/Old Sea Port/prefabs/rope_3.prefab using Guid(72281b9d1ce3f3e4da8ab92b2d502470) Importer(815301076,1909f56bfc062723c751e8b465ee728b)  -> (artifact id: 'bc3180f682141bea1712dbe7e0dc08cd') in 0.051189 seconds
Number of updated asset objects reloaded before import = 0
Number of asset objects unloaded after import = 12
========================================================================
Received Import Request.
  Time since last request: 0.002607 seconds.
  path: Assets/we/02.Map/Ocean_map/Ocean_Dolphin/1. Objects/Fireworks/Rocket 1/Materials/Fireworksbouquet.mat
  artifactKey: Guid(fdd55a228c6eee84b939e5e1c1790f39) Importer(815301076,1909f56bfc062723c751e8b465ee728b)
Start importing Assets/we/02.Map/Ocean_map/Ocean_Dolphin/1. Objects/Fireworks/Rocket 1/Materials/Fireworksbouquet.mat using Guid(fdd55a228c6eee84b939e5e1c1790f39) Importer(815301076,1909f56bfc062723c751e8b465ee728b)  -> (artifact id: '83a42fde829ba74210ce350c100ef585') in 0.013562 seconds
Number of updated asset objects reloaded before import = 0
Number of asset objects unloaded after import = 3
========================================================================
Received Import Request.
  Time since last request: 0.002999 seconds.
  path: Assets/we/02.Map/Ocean_map/Ocean_Dolphin/1. Objects/Fireworks/Rocket 2/Script/Rocket2.cs
  artifactKey: Guid(b78b87e6c464b384ba01b09d3dc2b08d) Importer(815301076,1909f56bfc062723c751e8b465ee728b)
Start importing Assets/we/02.Map/Ocean_map/Ocean_Dolphin/1. Objects/Fireworks/Rocket 2/Script/Rocket2.cs using Guid(b78b87e6c464b384ba01b09d3dc2b08d) Importer(815301076,1909f56bfc062723c751e8b465ee728b)  -> (artifact id: 'cb55d3d494450868a2c2bf7f8ec09070') in 0.000700 seconds
Number of updated asset objects reloaded before import = 0
Number of asset objects unloaded after import = 0
========================================================================
Received Import Request.
  Time since last request: 0.002298 seconds.
  path: Assets/we/02.Map/Ocean_map/Ocean_Han/RockFREE/mesh/rock1_LOD1.fbx
  artifactKey: Guid(7c076eb1f10273a44ab220dfdc930e2b) Importer(815301076,1909f56bfc062723c751e8b465ee728b)
Start importing Assets/we/02.Map/Ocean_map/Ocean_Han/RockFREE/mesh/rock1_LOD1.fbx using Guid(7c076eb1f10273a44ab220dfdc930e2b) Importer(815301076,1909f56bfc062723c751e8b465ee728b)  -> (artifact id: '1f380eba3fe6785cc4018807dd81fdc4') in 0.040176 seconds
Number of updated asset objects reloaded before import = 0
Number of asset objects unloaded after import = 13
========================================================================
Received Import Request.
  Time since last request: 0.002176 seconds.
  path: Assets/we/02.Map/Ocean_map/Ocean_Han/Ata Khani/Modular Sewer Props/Shaders/BRP_MaskMap_Transparent.shader
  artifactKey: Guid(9d6d687d11fb8d2489d6c262544a8e54) Importer(815301076,1909f56bfc062723c751e8b465ee728b)
Start importing Assets/we/02.Map/Ocean_map/Ocean_Han/Ata Khani/Modular Sewer Props/Shaders/BRP_MaskMap_Transparent.shader using Guid(9d6d687d11fb8d2489d6c262544a8e54) Importer(815301076,1909f56bfc062723c751e8b465ee728b)  -> (artifact id: '64f3349b7685b48b68e39ed25a028c8e') in 0.000802 seconds
Number of updated asset objects reloaded before import = 0
Number of asset objects unloaded after import = 0
========================================================================
Received Import Request.
  Time since last request: 0.002042 seconds.
  path: Assets/we/02.Map/Ocean_map/Ocean_Dolphin/Script/FuseTrigger.cs
  artifactKey: Guid(1d03d8fdb176cb440b521b826e560c84) Importer(815301076,1909f56bfc062723c751e8b465ee728b)
Start importing Assets/we/02.Map/Ocean_map/Ocean_Dolphin/Script/FuseTrigger.cs using Guid(1d03d8fdb176cb440b521b826e560c84) Importer(815301076,1909f56bfc062723c751e8b465ee728b)  -> (artifact id: 'b3a345db1550aa817fd21f359400eccb') in 0.000473 seconds
Number of updated asset objects reloaded before import = 0
Number of asset objects unloaded after import = 0
========================================================================
Received Import Request.
  Time since last request: 0.006434 seconds.
  path: Assets/we/02.Map/Ocean_map/Ocean_Dolphin/1. Objects/seaShell/textures/urpMaps/seaShell_ambient_occlusion.tga
  artifactKey: Guid(672fc95b4f42cc041884356e91ec2208) Importer(815301076,1909f56bfc062723c751e8b465ee728b)
Start importing Assets/we/02.Map/Ocean_map/Ocean_Dolphin/1. Objects/seaShell/textures/urpMaps/seaShell_ambient_occlusion.tga using Guid(672fc95b4f42cc041884356e91ec2208) Importer(815301076,1909f56bfc062723c751e8b465ee728b)  -> (artifact id: 'aa7cdf11b8db8f3ff005a8e85e09cbae') in 0.101666 seconds
Number of updated asset objects reloaded before import = 0
Number of asset objects unloaded after import = 2
========================================================================
Received Import Request.
  Time since last request: 0.022729 seconds.
  path: Assets/we/02.Map/Ocean_map/Ocean_Dolphin/1. Objects/seaShell/textures/urpMaps/Metallic/seaShell_Metallic.tga
  artifactKey: Guid(7c4320351b91c684ba99fdef833bf418) Importer(815301076,1909f56bfc062723c751e8b465ee728b)
Start importing Assets/we/02.Map/Ocean_map/Ocean_Dolphin/1. Objects/seaShell/textures/urpMaps/Metallic/seaShell_Metallic.tga using Guid(7c4320351b91c684ba99fdef833bf418) Importer(815301076,1909f56bfc062723c751e8b465ee728b)  -> (artifact id: '77af14fedb469903139d3f32faddc503') in 0.038190 seconds
Number of updated asset objects reloaded before import = 0
Number of asset objects unloaded after import = 2
========================================================================
Received Import Request.
  Time since last request: 0.003635 seconds.
  path: Assets/we/02.Map/Ocean_map/Ocean_Han/Sailing Ships/Materials/WoodPlanks/WoodPlanks_COL.png
  artifactKey: Guid(e7a8775f911025549bfc58e581ee3595) Importer(815301076,1909f56bfc062723c751e8b465ee728b)
Start importing Assets/we/02.Map/Ocean_map/Ocean_Han/Sailing Ships/Materials/WoodPlanks/WoodPlanks_COL.png using Guid(e7a8775f911025549bfc58e581ee3595) Importer(815301076,1909f56bfc062723c751e8b465ee728b)  -> (artifact id: '256aee3852a4da84ddbe75413ecc7d01') in 0.025071 seconds
Number of updated asset objects reloaded before import = 0
Number of asset objects unloaded after import = 2
========================================================================
Received Import Request.
  Time since last request: 0.002776 seconds.
  path: Assets/we/02.Map/Ocean_map/Ocean_Han/Sailing Ships/Materials/Sails.mat
  artifactKey: Guid(303c898d3802a64409bf3765504961f7) Importer(815301076,1909f56bfc062723c751e8b465ee728b)
Start importing Assets/we/02.Map/Ocean_map/Ocean_Han/Sailing Ships/Materials/Sails.mat using Guid(303c898d3802a64409bf3765504961f7) Importer(815301076,1909f56bfc062723c751e8b465ee728b)  -> (artifact id: '8236e13185fa811c8055e08a091287e4') in 0.136310 seconds
Number of updated asset objects reloaded before import = 0
Number of asset objects unloaded after import = 7
========================================================================
Received Import Request.
  Time since last request: 0.007017 seconds.
  path: Assets/we/02.Map/Ocean_map/Ocean_Dolphin/1. Objects/Dolphins/materials/material_0.mat
  artifactKey: Guid(e40d0b10f8441ac44a3ed511723beefe) Importer(815301076,1909f56bfc062723c751e8b465ee728b)
Start importing Assets/we/02.Map/Ocean_map/Ocean_Dolphin/1. Objects/Dolphins/materials/material_0.mat using Guid(e40d0b10f8441ac44a3ed511723beefe) Importer(815301076,1909f56bfc062723c751e8b465ee728b)  -> (artifact id: '38c2c7f70e877effa7385df795f7f8ef') in 0.035217 seconds
Number of updated asset objects reloaded before import = 0
Number of asset objects unloaded after import = 3
========================================================================
Received Import Request.
  Time since last request: 0.004293 seconds.
  path: Assets/we/02.Map/Ocean_map/Ocean_Han/Ocean.asset
  artifactKey: Guid(946ebc536dd8b5743b2d11d79248a7bd) Importer(815301076,1909f56bfc062723c751e8b465ee728b)
Start importing Assets/we/02.Map/Ocean_map/Ocean_Han/Ocean.asset using Guid(946ebc536dd8b5743b2d11d79248a7bd) Importer(815301076,1909f56bfc062723c751e8b465ee728b)  -> (artifact id: '4fce6724b0bce0a1fccf290287e74f5d') in 0.015615 seconds
Number of updated asset objects reloaded before import = 0
Number of asset objects unloaded after import = 3
========================================================================
Received Import Request.
  Time since last request: 0.002909 seconds.
  path: Assets/we/02.Map/Ocean_map/Ocean_Han/RockFREE/Textures/Terrain_Textures/Grass_Textures/grass.tga
  artifactKey: Guid(d620dd58761f46d4c8eb9af569c2fa57) Importer(815301076,1909f56bfc062723c751e8b465ee728b)
Start importing Assets/we/02.Map/Ocean_map/Ocean_Han/RockFREE/Textures/Terrain_Textures/Grass_Textures/grass.tga using Guid(d620dd58761f46d4c8eb9af569c2fa57) Importer(815301076,1909f56bfc062723c751e8b465ee728b)  -> (artifact id: 'f2e661f1e0162d8c428657d0aa89ae9a') in 0.016824 seconds
Number of updated asset objects reloaded before import = 0
Number of asset objects unloaded after import = 2
========================================================================
Received Import Request.
  Time since last request: 0.005570 seconds.
  path: Assets/we/02.Map/Ocean_map/Ocean_Han/RockFREE/Textures/rock3_Albedo.png
  artifactKey: Guid(d8c97d7a68fceea488f8c4884782437f) Importer(815301076,1909f56bfc062723c751e8b465ee728b)
Start importing Assets/we/02.Map/Ocean_map/Ocean_Han/RockFREE/Textures/rock3_Albedo.png using Guid(d8c97d7a68fceea488f8c4884782437f) Importer(815301076,1909f56bfc062723c751e8b465ee728b)  -> (artifact id: 'a59ac29084da76356bc83b9f1c9a4226') in 0.020404 seconds
Number of updated asset objects reloaded before import = 0
Number of asset objects unloaded after import = 2
========================================================================
Received Import Request.
  Time since last request: 0.002805 seconds.
  path: Assets/we/02.Map/Ocean_map/Ocean_Han/Sailing Ships/Materials/FabricWeave/FabricWeave_AO.png
  artifactKey: Guid(ef70394271d149240a8fe0e7c4d9bdf4) Importer(815301076,1909f56bfc062723c751e8b465ee728b)
Start importing Assets/we/02.Map/Ocean_map/Ocean_Han/Sailing Ships/Materials/FabricWeave/FabricWeave_AO.png using Guid(ef70394271d149240a8fe0e7c4d9bdf4) Importer(815301076,1909f56bfc062723c751e8b465ee728b)  -> (artifact id: '2eb661f39ef227a1288872e20ba61f9c') in 0.035075 seconds
Number of updated asset objects reloaded before import = 0
Number of asset objects unloaded after import = 2
========================================================================
Received Import Request.
  Time since last request: 0.005446 seconds.
  path: Assets/we/02.Map/Ocean_map/Ocean_Han/Ata Khani/Modular Sewer Props/Textures/Cloth_Lights_basecolor.png
  artifactKey: Guid(8b829cecfcc23e347b0dde215b33639f) Importer(815301076,1909f56bfc062723c751e8b465ee728b)
Start importing Assets/we/02.Map/Ocean_map/Ocean_Han/Ata Khani/Modular Sewer Props/Textures/Cloth_Lights_basecolor.png using Guid(8b829cecfcc23e347b0dde215b33639f) Importer(815301076,1909f56bfc062723c751e8b465ee728b)  -> (artifact id: '911ff1343ca0805b67d99c3d69dd9096') in 0.039309 seconds
Number of updated asset objects reloaded before import = 0
Number of asset objects unloaded after import = 2
========================================================================
Received Import Request.
  Time since last request: 0.002639 seconds.
  path: Assets/we/02.Map/Ocean_map/Ocean_Dolphin/1. Objects/Old Sea Port/EffectExamples/Shared/Scripts/GunShoot.cs
  artifactKey: Guid(422d8644426474cfd8b793ce3c107314) Importer(815301076,1909f56bfc062723c751e8b465ee728b)
Start importing Assets/we/02.Map/Ocean_map/Ocean_Dolphin/1. Objects/Old Sea Port/EffectExamples/Shared/Scripts/GunShoot.cs using Guid(422d8644426474cfd8b793ce3c107314) Importer(815301076,1909f56bfc062723c751e8b465ee728b)  -> (artifact id: '48545235555a4e92ab2e5a853a70a03d') in 0.000562 seconds
Number of updated asset objects reloaded before import = 0
Number of asset objects unloaded after import = 0
========================================================================
Received Import Request.
  Time since last request: 0.002569 seconds.
  path: Assets/we/02.Map/Ocean_map/Ocean_Han/RockFREE/Textures/rock1_Albedo.png
  artifactKey: Guid(3a0af722af8095a40b4cacf70896912c) Importer(815301076,1909f56bfc062723c751e8b465ee728b)
Start importing Assets/we/02.Map/Ocean_map/Ocean_Han/RockFREE/Textures/rock1_Albedo.png using Guid(3a0af722af8095a40b4cacf70896912c) Importer(815301076,1909f56bfc062723c751e8b465ee728b)  -> (artifact id: '273d645537c49e977b26006b7dd31636') in 0.019044 seconds
Number of updated asset objects reloaded before import = 0
Number of asset objects unloaded after import = 2
========================================================================
Received Import Request.
  Time since last request: 0.002479 seconds.
  path: Assets/we/02.Map/Ocean_map/Ocean_Han/Sailing Ships/Materials/IronRusty/IronRusty_COL.png
  artifactKey: Guid(aae3c6d61b8dba045a3b93d6d9f8ffdc) Importer(815301076,1909f56bfc062723c751e8b465ee728b)
Start importing Assets/we/02.Map/Ocean_map/Ocean_Han/Sailing Ships/Materials/IronRusty/IronRusty_COL.png using Guid(aae3c6d61b8dba045a3b93d6d9f8ffdc) Importer(815301076,1909f56bfc062723c751e8b465ee728b)  -> (artifact id: '88c3554b59b3ffad1342e69908e7a22f') in 0.019581 seconds
Number of updated asset objects reloaded before import = 0
Number of asset objects unloaded after import = 2
========================================================================
Received Import Request.
  Time since last request: 0.002459 seconds.
  path: Assets/we/02.Map/Ocean_map/Ocean_Dolphin/Script/SimpleButton.cs
  artifactKey: Guid(0e5f93f45e1d4dd4f9cc6de479480bd2) Importer(815301076,1909f56bfc062723c751e8b465ee728b)
Start importing Assets/we/02.Map/Ocean_map/Ocean_Dolphin/Script/SimpleButton.cs using Guid(0e5f93f45e1d4dd4f9cc6de479480bd2) Importer(815301076,1909f56bfc062723c751e8b465ee728b)  -> (artifact id: '243bacff0f9678b8394542135df904bf') in 0.000586 seconds
Number of updated asset objects reloaded before import = 0
Number of asset objects unloaded after import = 0
========================================================================
Received Import Request.
  Time since last request: 0.002088 seconds.
  path: Assets/we/02.Map/Ocean_map/Ocean_Han/RockFREE/LODGroups/rock5_LOD0.prefab
  artifactKey: Guid(c0a13742618afdb4cb2d9e33d51eac24) Importer(815301076,1909f56bfc062723c751e8b465ee728b)
Start importing Assets/we/02.Map/Ocean_map/Ocean_Han/RockFREE/LODGroups/rock5_LOD0.prefab using Guid(c0a13742618afdb4cb2d9e33d51eac24) Importer(815301076,1909f56bfc062723c751e8b465ee728b)  -> (artifact id: 'c3ce68ae398149b6b448e936395c6db3') in 0.041475 seconds
Number of updated asset objects reloaded before import = 0
Number of asset objects unloaded after import = 31
========================================================================
Received Import Request.
  Time since last request: 0.002580 seconds.
  path: Assets/we/02.Map/Ocean_map/Ocean_Dolphin/Animation/rope_3.controller
  artifactKey: Guid(722acd9736c721d4c94487a2861860e3) Importer(815301076,1909f56bfc062723c751e8b465ee728b)
Start importing Assets/we/02.Map/Ocean_map/Ocean_Dolphin/Animation/rope_3.controller using Guid(722acd9736c721d4c94487a2861860e3) Importer(815301076,1909f56bfc062723c751e8b465ee728b)  -> (artifact id: 'd3f11284bcac84b1c1286428b928e6b1') in 0.001444 seconds
Number of updated asset objects reloaded before import = 0
Number of asset objects unloaded after import = 9
========================================================================
Received Import Request.
  Time since last request: 0.004022 seconds.
  path: Assets/we/02.Map/Ocean_map/Ocean_Dolphin/Blowing a conch shell.wav
  artifactKey: Guid(1fd2e0aa12481dd41b3c1b7c457e1ff6) Importer(815301076,1909f56bfc062723c751e8b465ee728b)
Start importing Assets/we/02.Map/Ocean_map/Ocean_Dolphin/Blowing a conch shell.wav using Guid(1fd2e0aa12481dd41b3c1b7c457e1ff6) Importer(815301076,1909f56bfc062723c751e8b465ee728b)  -> (artifact id: '21527e51668dddc653c030bafa170467') in 0.011672 seconds
Number of updated asset objects reloaded before import = 0
Number of asset objects unloaded after import = 2
========================================================================
Received Import Request.
  Time since last request: 0.005687 seconds.
  path: Assets/we/02.Map/Ocean_map/Ocean_Han/RockFREE/Textures/Terrain_Textures/Ground_Textures/Terr_Grass_Normal.psd
  artifactKey: Guid(7e28e32cf872e1e4b804bbe33f1b612c) Importer(815301076,1909f56bfc062723c751e8b465ee728b)
Start importing Assets/we/02.Map/Ocean_map/Ocean_Han/RockFREE/Textures/Terrain_Textures/Ground_Textures/Terr_Grass_Normal.psd using Guid(7e28e32cf872e1e4b804bbe33f1b612c) Importer(815301076,1909f56bfc062723c751e8b465ee728b)  -> (artifact id: '7cefc9e3eb92681c122d99bc3b629efa') in 0.020530 seconds
Number of updated asset objects reloaded before import = 0
Number of asset objects unloaded after import = 2
========================================================================
Received Import Request.
  Time since last request: 0.002098 seconds.
  path: Assets/we/02.Map/Ocean_map/Ocean_Han/NewLayer 1.terrainlayer
  artifactKey: Guid(59ca0865245c0d04c82b69f74acb49a7) Importer(815301076,1909f56bfc062723c751e8b465ee728b)
Start importing Assets/we/02.Map/Ocean_map/Ocean_Han/NewLayer 1.terrainlayer using Guid(59ca0865245c0d04c82b69f74acb49a7) Importer(815301076,1909f56bfc062723c751e8b465ee728b)  -> (artifact id: '56345e3c4887cf74bf78321da8dedac3') in 0.085459 seconds
Number of updated asset objects reloaded before import = 0
Number of asset objects unloaded after import = 2
========================================================================
Received Import Request.
  Time since last request: 0.140257 seconds.
  path: Assets/we/02.Map/Ocean_map/Ocean_Han/RockFREE/Materials/rock5_Albedo.mat
  artifactKey: Guid(719a7cd3e3808e348a1cc6216b97ac4e) Importer(815301076,1909f56bfc062723c751e8b465ee728b)
Start importing Assets/we/02.Map/Ocean_map/Ocean_Han/RockFREE/Materials/rock5_Albedo.mat using Guid(719a7cd3e3808e348a1cc6216b97ac4e) Importer(815301076,1909f56bfc062723c751e8b465ee728b)  -> (artifact id: 'f636881ce8a20b36609a1a43f6e18db3') in 0.039562 seconds
Number of updated asset objects reloaded before import = 0
Number of asset objects unloaded after import = 6
========================================================================
Received Import Request.
  Time since last request: 0.002381 seconds.
  path: Assets/we/02.Map/Ocean_map/Ocean_Dolphin/1. Objects/Old Sea Port/Materials/rope.mat
  artifactKey: Guid(247fd6fe4b10e444fae354baca12fe76) Importer(815301076,1909f56bfc062723c751e8b465ee728b)
Start importing Assets/we/02.Map/Ocean_map/Ocean_Dolphin/1. Objects/Old Sea Port/Materials/rope.mat using Guid(247fd6fe4b10e444fae354baca12fe76) Importer(815301076,1909f56bfc062723c751e8b465ee728b)  -> (artifact id: '956dcca3c86f3b55f9cae66513f0c7d8') in 0.015596 seconds
Number of updated asset objects reloaded before import = 0
Number of asset objects unloaded after import = 4
========================================================================
Received Import Request.
  Time since last request: 0.002132 seconds.
  path: Assets/we/02.Map/Ocean_map/Ocean_Han/RockFREE/Materials/rock1_Albedo.mat
  artifactKey: Guid(8d903a27c6f49e147bcf075452ed1736) Importer(815301076,1909f56bfc062723c751e8b465ee728b)
Start importing Assets/we/02.Map/Ocean_map/Ocean_Han/RockFREE/Materials/rock1_Albedo.mat using Guid(8d903a27c6f49e147bcf075452ed1736) Importer(815301076,1909f56bfc062723c751e8b465ee728b)  -> (artifact id: 'b91eb081a22fd61b3c95eb3237b7995f') in 0.040730 seconds
Number of updated asset objects reloaded before import = 0
Number of asset objects unloaded after import = 6
========================================================================
Received Import Request.
  Time since last request: 0.019862 seconds.
  path: Assets/we/02.Map/Ocean_map/Ocean_Dolphin/1. Objects/seaShell/textures/hdrpMaps/seaShell_MaskMap.tga
  artifactKey: Guid(54abe7df892a496438105d8d1f9b9b0c) Importer(815301076,1909f56bfc062723c751e8b465ee728b)
Start importing Assets/we/02.Map/Ocean_map/Ocean_Dolphin/1. Objects/seaShell/textures/hdrpMaps/seaShell_MaskMap.tga using Guid(54abe7df892a496438105d8d1f9b9b0c) Importer(815301076,1909f56bfc062723c751e8b465ee728b)  -> (artifact id: '0854027034aea953773310f21ae281e7') in 0.144261 seconds
Number of updated asset objects reloaded before import = 0
Number of asset objects unloaded after import = 2
========================================================================
Received Import Request.
  Time since last request: 0.000507 seconds.
  path: Assets/we/02.Map/Ocean_map/Ocean_Dolphin/Script/WhistleButton.cs
  artifactKey: Guid(fc63cd543a1ef5f42ad3da9ecbdbbcc6) Importer(815301076,1909f56bfc062723c751e8b465ee728b)
Start importing Assets/we/02.Map/Ocean_map/Ocean_Dolphin/Script/WhistleButton.cs using Guid(fc63cd543a1ef5f42ad3da9ecbdbbcc6) Importer(815301076,1909f56bfc062723c751e8b465ee728b)  -> (artifact id: 'cfde17ba7481aad3f3fc54fcfc9f93ea') in 0.000802 seconds
Number of updated asset objects reloaded before import = 0
Number of asset objects unloaded after import = 0
========================================================================
Received Import Request.
  Time since last request: 0.006566 seconds.
  path: Assets/we/02.Map/Ocean_map/Ocean_Dolphin/1. Objects/Fireworks/Battery/Material/Battery texture.png
  artifactKey: Guid(d145e83361f836b46b2e8860f9687066) Importer(815301076,1909f56bfc062723c751e8b465ee728b)
Start importing Assets/we/02.Map/Ocean_map/Ocean_Dolphin/1. Objects/Fireworks/Battery/Material/Battery texture.png using Guid(d145e83361f836b46b2e8860f9687066) Importer(815301076,1909f56bfc062723c751e8b465ee728b)  -> (artifact id: '5c9a6d3389ae98c07f1f3cb82d280a81') in 0.024145 seconds
Number of updated asset objects reloaded before import = 0
Number of asset objects unloaded after import = 2
========================================================================
Received Import Request.
  Time since last request: 0.002582 seconds.
  path: Assets/we/02.Map/Ocean_map/Ocean_Han/RockFREE/mesh/rock3_LOD0.fbx
  artifactKey: Guid(413339dbbc52e4e44a563d9f8e19340c) Importer(815301076,1909f56bfc062723c751e8b465ee728b)
Start importing Assets/we/02.Map/Ocean_map/Ocean_Han/RockFREE/mesh/rock3_LOD0.fbx using Guid(413339dbbc52e4e44a563d9f8e19340c) Importer(815301076,1909f56bfc062723c751e8b465ee728b)  -> (artifact id: '233c5a60fd24cc56f7cb07a5908ecae5') in 0.044784 seconds
Number of updated asset objects reloaded before import = 0
Number of asset objects unloaded after import = 13
========================================================================
Received Import Request.
  Time since last request: 0.015481 seconds.
  path: Assets/we/02.Map/Ocean_map/Ocean_Dolphin/1. Objects/seaShell/textures/urpMaps/seaShell_BaseColor.tga
  artifactKey: Guid(46a1d87f05906db4798439619c1f9396) Importer(815301076,1909f56bfc062723c751e8b465ee728b)
Start importing Assets/we/02.Map/Ocean_map/Ocean_Dolphin/1. Objects/seaShell/textures/urpMaps/seaShell_BaseColor.tga using Guid(46a1d87f05906db4798439619c1f9396) Importer(815301076,1909f56bfc062723c751e8b465ee728b)  -> (artifact id: '47df7d5cdbe63bfde876cef7ed6d3c85') in 0.105263 seconds
Number of updated asset objects reloaded before import = 0
Number of asset objects unloaded after import = 2
========================================================================
Received Import Request.
  Time since last request: 0.004746 seconds.
  path: Assets/we/02.Map/Ocean_map/Ocean_Han/RockFREE/mesh/rock2_LOD0.fbx
  artifactKey: Guid(5fe2f5cc1c7e6b542a0254c5b54176fa) Importer(815301076,1909f56bfc062723c751e8b465ee728b)
Start importing Assets/we/02.Map/Ocean_map/Ocean_Han/RockFREE/mesh/rock2_LOD0.fbx using Guid(5fe2f5cc1c7e6b542a0254c5b54176fa) Importer(815301076,1909f56bfc062723c751e8b465ee728b)  -> (artifact id: '7416426acb4450fe2455e9cfd41533f4') in 0.041294 seconds
Number of updated asset objects reloaded before import = 0
Number of asset objects unloaded after import = 13
========================================================================
Received Import Request.
  Time since last request: 0.002583 seconds.
  path: Assets/we/02.Map/Ocean_map/Ocean_Han/RockFREE/Textures/rock5_Albedo.png
  artifactKey: Guid(201db37f799ba734985ab982084845f9) Importer(815301076,1909f56bfc062723c751e8b465ee728b)
Start importing Assets/we/02.Map/Ocean_map/Ocean_Han/RockFREE/Textures/rock5_Albedo.png using Guid(201db37f799ba734985ab982084845f9) Importer(815301076,1909f56bfc062723c751e8b465ee728b)  -> (artifact id: 'ebee89802cb6d5c1717b8992d7b91db8') in 0.018957 seconds
Number of updated asset objects reloaded before import = 0
Number of asset objects unloaded after import = 2
========================================================================
Received Import Request.
  Time since last request: 0.003174 seconds.
  path: Assets/we/02.Map/Ocean_map/Ocean_Dolphin/1. Objects/Fireworks/Rocket 1/Sounds/Rocket1 Sound.wav
  artifactKey: Guid(d95590ff76caa6a4f93aa2896a034fa2) Importer(815301076,1909f56bfc062723c751e8b465ee728b)
Start importing Assets/we/02.Map/Ocean_map/Ocean_Dolphin/1. Objects/Fireworks/Rocket 1/Sounds/Rocket1 Sound.wav using Guid(d95590ff76caa6a4f93aa2896a034fa2) Importer(815301076,1909f56bfc062723c751e8b465ee728b)  -> (artifact id: 'c5582fec520d5f275248f088776ce46e') in 0.010138 seconds
Number of updated asset objects reloaded before import = 0
Number of asset objects unloaded after import = 2
========================================================================
Received Import Request.
  Time since last request: 0.002216 seconds.
  path: Assets/we/02.Map/Ocean_map/Ocean_Dolphin/1. Objects/Fireworks/Firecracker 3/Script/Firecracker3.cs
  artifactKey: Guid(0e7aa928c925ca645b10d0a76bfea657) Importer(815301076,1909f56bfc062723c751e8b465ee728b)
Start importing Assets/we/02.Map/Ocean_map/Ocean_Dolphin/1. Objects/Fireworks/Firecracker 3/Script/Firecracker3.cs using Guid(0e7aa928c925ca645b10d0a76bfea657) Importer(815301076,1909f56bfc062723c751e8b465ee728b)  -> (artifact id: 'a8e06db7dde389684e786a3352bd6af9') in 0.000489 seconds
Number of updated asset objects reloaded before import = 0
Number of asset objects unloaded after import = 0
========================================================================
Received Import Request.
  Time since last request: 0.001994 seconds.
  path: Assets/we/02.Map/Ocean_map/Ocean_Dolphin/Script/MicrophonePermission.cs
  artifactKey: Guid(9189e058ff851924e8ecd4a19c7114a9) Importer(815301076,1909f56bfc062723c751e8b465ee728b)
Start importing Assets/we/02.Map/Ocean_map/Ocean_Dolphin/Script/MicrophonePermission.cs using Guid(9189e058ff851924e8ecd4a19c7114a9) Importer(815301076,1909f56bfc062723c751e8b465ee728b)  -> (artifact id: '4afbe807e1fd75480a514aade78530dd') in 0.000452 seconds
Number of updated asset objects reloaded before import = 0
Number of asset objects unloaded after import = 0
========================================================================
Received Import Request.
  Time since last request: 0.001859 seconds.
  path: Assets/we/02.Map/Ocean_map/Ocean_Han/Sailing Ships/Materials/WoodFineDark/WoodFineDark_DISP.png
  artifactKey: Guid(82d15cc7bf6849949ae8afa4f3b06934) Importer(815301076,1909f56bfc062723c751e8b465ee728b)
Start importing Assets/we/02.Map/Ocean_map/Ocean_Han/Sailing Ships/Materials/WoodFineDark/WoodFineDark_DISP.png using Guid(82d15cc7bf6849949ae8afa4f3b06934) Importer(815301076,1909f56bfc062723c751e8b465ee728b)  -> (artifact id: '8e7745637782ab86e610b581d1f221db') in 0.035648 seconds
Number of updated asset objects reloaded before import = 0
Number of asset objects unloaded after import = 2
========================================================================
Received Import Request.
  Time since last request: 0.002924 seconds.
  path: Assets/we/02.Map/Ocean_map/Oceanmap/Textures/723-normal.jpg
  artifactKey: Guid(c76843426be04fe409ab473a492e4220) Importer(815301076,1909f56bfc062723c751e8b465ee728b)
Start importing Assets/we/02.Map/Ocean_map/Oceanmap/Textures/723-normal.jpg using Guid(c76843426be04fe409ab473a492e4220) Importer(815301076,1909f56bfc062723c751e8b465ee728b)  -> (artifact id: 'a5fa84921ce59bdde385274e2739a658') in 0.015921 seconds
Number of updated asset objects reloaded before import = 0
Number of asset objects unloaded after import = 2
========================================================================
Received Import Request.
  Time since last request: 0.004861 seconds.
  path: Assets/we/02.Map/Ocean_map/Ocean_Han/RockFREE/Textures/rock3_Normal.png
  artifactKey: Guid(69bbe2cccef94864b8a89983e392c3d5) Importer(815301076,1909f56bfc062723c751e8b465ee728b)
Start importing Assets/we/02.Map/Ocean_map/Ocean_Han/RockFREE/Textures/rock3_Normal.png using Guid(69bbe2cccef94864b8a89983e392c3d5) Importer(815301076,1909f56bfc062723c751e8b465ee728b)  -> (artifact id: 'dbdd254f47c5f0c7613c46832360b6d6') in 0.020580 seconds
Number of updated asset objects reloaded before import = 0
Number of asset objects unloaded after import = 2
========================================================================
Received Import Request.
  Time since last request: 0.008001 seconds.
  path: Assets/we/02.Map/Ocean_map/Ocean_Dolphin/1. Objects/Fireworks/Rocket 1/Materials/rocket 1 texture.png
  artifactKey: Guid(e690a46d4cd10a94092f3cdea27ae9bf) Importer(815301076,1909f56bfc062723c751e8b465ee728b)
Start importing Assets/we/02.Map/Ocean_map/Ocean_Dolphin/1. Objects/Fireworks/Rocket 1/Materials/rocket 1 texture.png using Guid(e690a46d4cd10a94092f3cdea27ae9bf) Importer(815301076,1909f56bfc062723c751e8b465ee728b)  -> (artifact id: '8eb9bfa19c5ccc93e233ef419c9336b1') in 0.024995 seconds
Number of updated asset objects reloaded before import = 0
Number of asset objects unloaded after import = 2
========================================================================
Received Import Request.
  Time since last request: 0.002563 seconds.
  path: Assets/we/02.Map/Ocean_map/Ocean_Han/RockFREE/Materials/rock2_Albedo.mat
  artifactKey: Guid(d6f982bc28bad6e4ab8d036bbf676bb9) Importer(815301076,1909f56bfc062723c751e8b465ee728b)
Start importing Assets/we/02.Map/Ocean_map/Ocean_Han/RockFREE/Materials/rock2_Albedo.mat using Guid(d6f982bc28bad6e4ab8d036bbf676bb9) Importer(815301076,1909f56bfc062723c751e8b465ee728b)  -> (artifact id: 'a8ad1e9766ae7dcb8de58dc5eddbb48b') in 0.038832 seconds
Number of updated asset objects reloaded before import = 0
Number of asset objects unloaded after import = 6
========================================================================
Received Import Request.
  Time since last request: 0.002874 seconds.
  path: Assets/we/02.Map/Ocean_map/Ocean_Dolphin/Animation/Dolphin1.anim
  artifactKey: Guid(55f9fe1f692d7474c9e982ad4705196e) Importer(815301076,1909f56bfc062723c751e8b465ee728b)
Start importing Assets/we/02.Map/Ocean_map/Ocean_Dolphin/Animation/Dolphin1.anim using Guid(55f9fe1f692d7474c9e982ad4705196e) Importer(815301076,1909f56bfc062723c751e8b465ee728b)  -> (artifact id: '864b8c75a0df26c70b89d6eff5288405') in 0.001323 seconds
Number of updated asset objects reloaded before import = 0
Number of asset objects unloaded after import = 1
========================================================================
Received Import Request.
  Time since last request: 0.002466 seconds.
  path: Assets/we/02.Map/Ocean_map/Ocean_Han/Sailing Ships/Materials/WoodPlanks/WoodPlanks_GLOSS.png
  artifactKey: Guid(7dcd1e14a9508fa4e874dd9a25e3baf8) Importer(815301076,1909f56bfc062723c751e8b465ee728b)
Start importing Assets/we/02.Map/Ocean_map/Ocean_Han/Sailing Ships/Materials/WoodPlanks/WoodPlanks_GLOSS.png using Guid(7dcd1e14a9508fa4e874dd9a25e3baf8) Importer(815301076,1909f56bfc062723c751e8b465ee728b)  -> (artifact id: '83c6250a6a0d6e79083cf77a4d040482') in 0.024198 seconds
Number of updated asset objects reloaded before import = 0
Number of asset objects unloaded after import = 2
========================================================================
Received Import Request.
  Time since last request: 0.004204 seconds.
  path: Assets/we/02.Map/Ocean_map/Ocean_Dolphin/1. Objects/Old Sea Port/EffectExamples/Shared/Scripts/ExtinguishableFire.cs
  artifactKey: Guid(01d79beb4399f964ea234855d877ee52) Importer(815301076,1909f56bfc062723c751e8b465ee728b)
Start importing Assets/we/02.Map/Ocean_map/Ocean_Dolphin/1. Objects/Old Sea Port/EffectExamples/Shared/Scripts/ExtinguishableFire.cs using Guid(01d79beb4399f964ea234855d877ee52) Importer(815301076,1909f56bfc062723c751e8b465ee728b)  -> (artifact id: '0a905b49b94e25ebfa9c7394cbfb710b') in 0.000519 seconds
Number of updated asset objects reloaded before import = 0
Number of asset objects unloaded after import = 0
========================================================================
Received Import Request.
  Time since last request: 0.002445 seconds.
  path: Assets/we/02.Map/Ocean_map/Ocean_Han/Sailing Ships/Materials/IronRusty/IronRusty_GLOSS.png
  artifactKey: Guid(073b72a488a89124f9fe595f318c0265) Importer(815301076,1909f56bfc062723c751e8b465ee728b)
Start importing Assets/we/02.Map/Ocean_map/Ocean_Han/Sailing Ships/Materials/IronRusty/IronRusty_GLOSS.png using Guid(073b72a488a89124f9fe595f318c0265) Importer(815301076,1909f56bfc062723c751e8b465ee728b)  -> (artifact id: '06af989c012a8ed2712929de6bbba528') in 0.018509 seconds
Number of updated asset objects reloaded before import = 0
Number of asset objects unloaded after import = 2
========================================================================
Received Import Request.
  Time since last request: 0.002874 seconds.
  path: Assets/we/02.Map/Ocean_map/Ocean_Dolphin/1. Objects/Fireworks/Rocket 1/Model/Rocket 1.obj
  artifactKey: Guid(41cb19ddd77ef6745aba8a66c408ce29) Importer(815301076,1909f56bfc062723c751e8b465ee728b)
Start importing Assets/we/02.Map/Ocean_map/Ocean_Dolphin/1. Objects/Fireworks/Rocket 1/Model/Rocket 1.obj using Guid(41cb19ddd77ef6745aba8a66c408ce29) Importer(815301076,1909f56bfc062723c751e8b465ee728b)  -> (artifact id: '0aacd7c0ce02323bcc213b44e9a59e83') in 0.019501 seconds
Number of updated asset objects reloaded before import = 0
Number of asset objects unloaded after import = 11
========================================================================
Received Import Request.
  Time since last request: 0.004862 seconds.
  path: Assets/we/02.Map/Ocean_map/Ocean_Han/RockFREE/Textures/rock2_Metallic.tga
  artifactKey: Guid(eb5d9ce2a58346e41b85b18860422d1f) Importer(815301076,1909f56bfc062723c751e8b465ee728b)
Start importing Assets/we/02.Map/Ocean_map/Ocean_Han/RockFREE/Textures/rock2_Metallic.tga using Guid(eb5d9ce2a58346e41b85b18860422d1f) Importer(815301076,1909f56bfc062723c751e8b465ee728b)  -> (artifact id: '50d7acde73fefea6337c5908d4fa6cb5') in 0.021505 seconds
Number of updated asset objects reloaded before import = 0
Number of asset objects unloaded after import = 2
========================================================================
Received Import Request.
  Time since last request: 0.002712 seconds.
  path: Assets/we/02.Map/Ocean_map/Ocean_Dolphin/1. Objects/Old Sea Port/textures/rope.png
  artifactKey: Guid(8bb74e304c595b9459763b73676acba2) Importer(815301076,1909f56bfc062723c751e8b465ee728b)
Start importing Assets/we/02.Map/Ocean_map/Ocean_Dolphin/1. Objects/Old Sea Port/textures/rope.png using Guid(8bb74e304c595b9459763b73676acba2) Importer(815301076,1909f56bfc062723c751e8b465ee728b)  -> (artifact id: '7a38da4ae904bcac6660c1969bce373b') in 0.014819 seconds
Number of updated asset objects reloaded before import = 0
Number of asset objects unloaded after import = 2
========================================================================
Received Import Request.
  Time since last request: 0.002339 seconds.
  path: Assets/we/02.Map/Ocean_map/Ocean_Han/RockFREE/Textures/rock5_Occlusion.png
  artifactKey: Guid(6576a0bc62730864594eb8b5f5cefdda) Importer(815301076,1909f56bfc062723c751e8b465ee728b)
Start importing Assets/we/02.Map/Ocean_map/Ocean_Han/RockFREE/Textures/rock5_Occlusion.png using Guid(6576a0bc62730864594eb8b5f5cefdda) Importer(815301076,1909f56bfc062723c751e8b465ee728b)  -> (artifact id: 'eeb777972a25a883367acb18d9df7dac') in 0.020334 seconds
Number of updated asset objects reloaded before import = 0
Number of asset objects unloaded after import = 2
========================================================================
Received Import Request.
  Time since last request: 0.003426 seconds.
  path: Assets/we/02.Map/Ocean_map/Ocean_Han/Ata Khani/Modular Sewer Props/Textures/Cloth_Lights_Cloth_Lights_Emissive.png
  artifactKey: Guid(fc366e64402f3644aadbeb960f4347e4) Importer(815301076,1909f56bfc062723c751e8b465ee728b)
Start importing Assets/we/02.Map/Ocean_map/Ocean_Han/Ata Khani/Modular Sewer Props/Textures/Cloth_Lights_Cloth_Lights_Emissive.png using Guid(fc366e64402f3644aadbeb960f4347e4) Importer(815301076,1909f56bfc062723c751e8b465ee728b)  -> (artifact id: '0618e023f1ebd1611b45c01eedf7c232') in 0.041774 seconds
Number of updated asset objects reloaded before import = 0
Number of asset objects unloaded after import = 2
========================================================================
Received Import Request.
  Time since last request: 0.006044 seconds.
  path: Assets/we/02.Map/Ocean_map/Ocean_Han/Ata Khani/Modular Sewer Props/Textures/Trim_Wood_normal.png
  artifactKey: Guid(b834d6a59b4a4eb4196ec7d23c4ecc86) Importer(815301076,1909f56bfc062723c751e8b465ee728b)
Start importing Assets/we/02.Map/Ocean_map/Ocean_Han/Ata Khani/Modular Sewer Props/Textures/Trim_Wood_normal.png using Guid(b834d6a59b4a4eb4196ec7d23c4ecc86) Importer(815301076,1909f56bfc062723c751e8b465ee728b)  -> (artifact id: '7a11150b983e507d7153d356fc3d0576') in 0.043598 seconds
Number of updated asset objects reloaded before import = 0
Number of asset objects unloaded after import = 2
========================================================================
Received Import Request.
  Time since last request: 0.003825 seconds.
  path: Assets/we/02.Map/Ocean_map/Ocean_Han/RockFREE/Textures/rock2_Normal.png
  artifactKey: Guid(b235ee1ae864abe4b8e4718eac0b083e) Importer(815301076,1909f56bfc062723c751e8b465ee728b)
Start importing Assets/we/02.Map/Ocean_map/Ocean_Han/RockFREE/Textures/rock2_Normal.png using Guid(b235ee1ae864abe4b8e4718eac0b083e) Importer(815301076,1909f56bfc062723c751e8b465ee728b)  -> (artifact id: '7432c4c5789a627325267904c54b4277') in 0.020834 seconds
Number of updated asset objects reloaded before import = 0
Number of asset objects unloaded after import = 2
========================================================================
Received Import Request.
  Time since last request: 0.007648 seconds.
  path: Assets/we/02.Map/Ocean_map/Ocean_Dolphin/Animation/node_id50_3.controller
  artifactKey: Guid(f27cb0129f7df93408ec441f14d40352) Importer(815301076,1909f56bfc062723c751e8b465ee728b)
Start importing Assets/we/02.Map/Ocean_map/Ocean_Dolphin/Animation/node_id50_3.controller using Guid(f27cb0129f7df93408ec441f14d40352) Importer(815301076,1909f56bfc062723c751e8b465ee728b)  -> (artifact id: 'e2351e8b03880769a76b1701b564bc40') in 0.001665 seconds
Number of updated asset objects reloaded before import = 0
Number of asset objects unloaded after import = 6
========================================================================
Received Import Request.
  Time since last request: 0.001787 seconds.
  path: Assets/we/02.Map/Ocean_map/Ocean_Dolphin/Script/RopeScripts/ConchGrabDetector.cs
  artifactKey: Guid(f6f57a220021a9a489779c8eece740b3) Importer(815301076,1909f56bfc062723c751e8b465ee728b)
Start importing Assets/we/02.Map/Ocean_map/Ocean_Dolphin/Script/RopeScripts/ConchGrabDetector.cs using Guid(f6f57a220021a9a489779c8eece740b3) Importer(815301076,1909f56bfc062723c751e8b465ee728b)  -> (artifact id: '1d7a054133935fd969cafe4db44da420') in 0.000490 seconds
Number of updated asset objects reloaded before import = 0
Number of asset objects unloaded after import = 0
========================================================================
Received Import Request.
  Time since last request: 0.003492 seconds.
  path: Assets/we/02.Map/Ocean_map/Ocean_Han/Sailing Ships/Materials/FabricWeave/FabricWeave_GLOSS.png
  artifactKey: Guid(9a4ed29adfcbfd949a651f6aaa1bc9c4) Importer(815301076,1909f56bfc062723c751e8b465ee728b)
Start importing Assets/we/02.Map/Ocean_map/Ocean_Han/Sailing Ships/Materials/FabricWeave/FabricWeave_GLOSS.png using Guid(9a4ed29adfcbfd949a651f6aaa1bc9c4) Importer(815301076,1909f56bfc062723c751e8b465ee728b)  -> (artifact id: '1b6ffe841573157ab24bd846763b4e74') in 0.034752 seconds
Number of updated asset objects reloaded before import = 0
Number of asset objects unloaded after import = 2
========================================================================
Received Import Request.
  Time since last request: 0.002744 seconds.
  path: Assets/we/02.Map/Ocean_map/Ocean_Dolphin/1. Objects/Fireworks/Rocket 1/Materials/Fuse.mat
  artifactKey: Guid(682029ccf4af3b74ebe8a826b4656306) Importer(815301076,1909f56bfc062723c751e8b465ee728b)
Start importing Assets/we/02.Map/Ocean_map/Ocean_Dolphin/1. Objects/Fireworks/Rocket 1/Materials/Fuse.mat using Guid(682029ccf4af3b74ebe8a826b4656306) Importer(815301076,1909f56bfc062723c751e8b465ee728b)  -> (artifact id: '264785c43f9990c82608b38a6840dc91') in 0.012612 seconds
Number of updated asset objects reloaded before import = 0
Number of asset objects unloaded after import = 3
========================================================================
Received Import Request.
  Time since last request: 0.002594 seconds.
  path: Assets/we/02.Map/Ocean_map/Ocean_Dolphin/1. Objects/Old Sea Port/textures/rope_normal.png
  artifactKey: Guid(6c00261042754b84fbe58b6bf7064b88) Importer(815301076,1909f56bfc062723c751e8b465ee728b)
Start importing Assets/we/02.Map/Ocean_map/Ocean_Dolphin/1. Objects/Old Sea Port/textures/rope_normal.png using Guid(6c00261042754b84fbe58b6bf7064b88) Importer(815301076,1909f56bfc062723c751e8b465ee728b)  -> (artifact id: 'fba063cf04a8119df2a5cb8da931f23e') in 0.014791 seconds
Number of updated asset objects reloaded before import = 0
Number of asset objects unloaded after import = 2
========================================================================
Received Import Request.
  Time since last request: 0.002104 seconds.
  path: Assets/we/02.Map/Ocean_map/Ocean_Dolphin/1. Objects/Old Sea Port/EffectExamples/Shared/Scripts/GunAim.cs
  artifactKey: Guid(c63d71560c10e473ebc409185edd2c8c) Importer(815301076,1909f56bfc062723c751e8b465ee728b)
Start importing Assets/we/02.Map/Ocean_map/Ocean_Dolphin/1. Objects/Old Sea Port/EffectExamples/Shared/Scripts/GunAim.cs using Guid(c63d71560c10e473ebc409185edd2c8c) Importer(815301076,1909f56bfc062723c751e8b465ee728b)  -> (artifact id: '9e338cf6ac45caef0a0bbbf0b31ed312') in 0.000542 seconds
Number of updated asset objects reloaded before import = 0
Number of asset objects unloaded after import = 0
========================================================================
Received Import Request.
  Time since last request: 0.002463 seconds.
  path: Assets/we/02.Map/Ocean_map/Ocean_Han/RockFREE/Textures/rock5_Normal.png
  artifactKey: Guid(0ecd76dfcf66ace4b959bc72e08cafbc) Importer(815301076,1909f56bfc062723c751e8b465ee728b)
Start importing Assets/we/02.Map/Ocean_map/Ocean_Han/RockFREE/Textures/rock5_Normal.png using Guid(0ecd76dfcf66ace4b959bc72e08cafbc) Importer(815301076,1909f56bfc062723c751e8b465ee728b)  -> (artifact id: '3d93e65b67204d795865a27bd8347840') in 0.020601 seconds
Number of updated asset objects reloaded before import = 0
Number of asset objects unloaded after import = 2
========================================================================
Received Import Request.
  Time since last request: 0.002344 seconds.
  path: Assets/we/02.Map/Ocean_map/Ocean_Han/Sailing Ships/Materials/Rope.mat
  artifactKey: Guid(1bf129fabb4601c4a8969d18426e2dcc) Importer(815301076,1909f56bfc062723c751e8b465ee728b)
Start importing Assets/we/02.Map/Ocean_map/Ocean_Han/Sailing Ships/Materials/Rope.mat using Guid(1bf129fabb4601c4a8969d18426e2dcc) Importer(815301076,1909f56bfc062723c751e8b465ee728b)  -> (artifact id: 'cda4ed4a59becd934670880041c07895') in 0.129952 seconds
Number of updated asset objects reloaded before import = 0
Number of asset objects unloaded after import = 7
========================================================================
Received Import Request.
  Time since last request: 0.008495 seconds.
  path: Assets/we/02.Map/Ocean_map/Ocean_Dolphin/1. Objects/Fireworks/Rocket 4/Script/Rocket4.cs
  artifactKey: Guid(fe2e5ff5e1726464abf49773cd407aec) Importer(815301076,1909f56bfc062723c751e8b465ee728b)
Start importing Assets/we/02.Map/Ocean_map/Ocean_Dolphin/1. Objects/Fireworks/Rocket 4/Script/Rocket4.cs using Guid(fe2e5ff5e1726464abf49773cd407aec) Importer(815301076,1909f56bfc062723c751e8b465ee728b)  -> (artifact id: 'a0f39492e0d4db64e7ecf1122a11198b') in 0.000533 seconds
Number of updated asset objects reloaded before import = 0
Number of asset objects unloaded after import = 0
========================================================================
Received Import Request.
  Time since last request: 0.002061 seconds.
  path: Assets/we/02.Map/Ocean_map/Ocean_Han/NewLayer 6.terrainlayer
  artifactKey: Guid(86faf0792d9223f4884667da25a4f3f4) Importer(815301076,1909f56bfc062723c751e8b465ee728b)
Start importing Assets/we/02.Map/Ocean_map/Ocean_Han/NewLayer 6.terrainlayer using Guid(86faf0792d9223f4884667da25a4f3f4) Importer(815301076,1909f56bfc062723c751e8b465ee728b)  -> (artifact id: '125079e02afe1471e1403d9dcedc7571') in 0.028144 seconds
Number of updated asset objects reloaded before import = 0
Number of asset objects unloaded after import = 4
========================================================================
Received Import Request.
  Time since last request: 0.002632 seconds.
  path: Assets/we/02.Map/Ocean_map/Ocean_Han/Water.prefab
  artifactKey: Guid(3ac7ab7d780c1fd418eeae8863a4086e) Importer(815301076,1909f56bfc062723c751e8b465ee728b)
Start importing Assets/we/02.Map/Ocean_map/Ocean_Han/Water.prefab using Guid(3ac7ab7d780c1fd418eeae8863a4086e) Importer(815301076,1909f56bfc062723c751e8b465ee728b)  -> (artifact id: '72fd8077a42a3c2fd7efe3120f2427e7') in 0.013967 seconds
Number of updated asset objects reloaded before import = 0
Number of asset objects unloaded after import = 10
========================================================================
Received Import Request.
  Time since last request: 0.002026 seconds.
  path: Assets/we/02.Map/Ocean_map/Ocean_Han/Sailing Ships/Materials/WoodPlanks/WoodPlanks_DISP.png
  artifactKey: Guid(bc625b47bb920da41866f1a1827494e7) Importer(815301076,1909f56bfc062723c751e8b465ee728b)
Start importing Assets/we/02.Map/Ocean_map/Ocean_Han/Sailing Ships/Materials/WoodPlanks/WoodPlanks_DISP.png using Guid(bc625b47bb920da41866f1a1827494e7) Importer(815301076,1909f56bfc062723c751e8b465ee728b)  -> (artifact id: '8e033488ec04c5186ac05614fee4293f') in 0.024864 seconds
Number of updated asset objects reloaded before import = 0
Number of asset objects unloaded after import = 2
========================================================================
Received Import Request.
  Time since last request: 0.004235 seconds.
  path: Assets/we/02.Map/Ocean_map/Ocean_Han/Sailing Ships/Materials/IronRusty/IronRusty_NRM.png
  artifactKey: Guid(859f697fecf0cb64785f7808fa31232d) Importer(815301076,1909f56bfc062723c751e8b465ee728b)
Start importing Assets/we/02.Map/Ocean_map/Ocean_Han/Sailing Ships/Materials/IronRusty/IronRusty_NRM.png using Guid(859f697fecf0cb64785f7808fa31232d) Importer(815301076,1909f56bfc062723c751e8b465ee728b)  -> (artifact id: '455d890a41cff478d2bcd56ec132b93a') in 0.021041 seconds
Number of updated asset objects reloaded before import = 0
Number of asset objects unloaded after import = 2
========================================================================
Received Import Request.
  Time since last request: 0.006759 seconds.
  path: Assets/we/02.Map/Ocean_map/Ocean_Dolphin/1. Objects/seaShell/textures/urpMaps/seaShell_Height.tga
  artifactKey: Guid(a935e251b7a87c9479d21a4abd278e27) Importer(815301076,1909f56bfc062723c751e8b465ee728b)
Start importing Assets/we/02.Map/Ocean_map/Ocean_Dolphin/1. Objects/seaShell/textures/urpMaps/seaShell_Height.tga using Guid(a935e251b7a87c9479d21a4abd278e27) Importer(815301076,1909f56bfc062723c751e8b465ee728b)  -> (artifact id: '5b1ca817afabe0a98ac173eda536d1f0') in 0.106236 seconds
Number of updated asset objects reloaded before import = 0
Number of asset objects unloaded after import = 2
========================================================================
Received Import Request.
  Time since last request: 0.006096 seconds.
  path: Assets/we/02.Map/Ocean_map/Ocean_Dolphin/1. Objects/Dolphins/textures/material_baseColor_0.png
  artifactKey: Guid(b57f290ced5468c48bf2d72f8b9c25d7) Importer(815301076,1909f56bfc062723c751e8b465ee728b)
Start importing Assets/we/02.Map/Ocean_map/Ocean_Dolphin/1. Objects/Dolphins/textures/material_baseColor_0.png using Guid(b57f290ced5468c48bf2d72f8b9c25d7) Importer(815301076,1909f56bfc062723c751e8b465ee728b)  -> (artifact id: '869e5527b7753fa21752702dbcc03cf3') in 0.036530 seconds
Number of updated asset objects reloaded before import = 0
Number of asset objects unloaded after import = 2
========================================================================
Received Import Request.
  Time since last request: 0.016259 seconds.
  path: Assets/we/02.Map/Ocean_map/Ocean_Dolphin/1. Objects/seaShell/textures/urpMaps/seaShell_Normal.tga
  artifactKey: Guid(2264e7a4345c86c4cabbe8fc9b36dcc0) Importer(815301076,1909f56bfc062723c751e8b465ee728b)
Start importing Assets/we/02.Map/Ocean_map/Ocean_Dolphin/1. Objects/seaShell/textures/urpMaps/seaShell_Normal.tga using Guid(2264e7a4345c86c4cabbe8fc9b36dcc0) Importer(815301076,1909f56bfc062723c751e8b465ee728b)  -> (artifact id: '1779e4aa76cea1d7b066956bdb9b053d') in 0.137471 seconds
Number of updated asset objects reloaded before import = 0
Number of asset objects unloaded after import = 2
========================================================================
Received Import Request.
  Time since last request: 0.000029 seconds.
  path: Assets/we/02.Map/Ocean_map/Ocean_Han/Sailing Ships/Materials/IronRusty/IronRusty_DISP.png
  artifactKey: Guid(c0a7f79d6628df54ca0e5d48a1503183) Importer(815301076,1909f56bfc062723c751e8b465ee728b)
Start importing Assets/we/02.Map/Ocean_map/Ocean_Han/Sailing Ships/Materials/IronRusty/IronRusty_DISP.png using Guid(c0a7f79d6628df54ca0e5d48a1503183) Importer(815301076,1909f56bfc062723c751e8b465ee728b)  -> (artifact id: '1b4142fc5214bf010432290519d272e5') in 0.018548 seconds
Number of updated asset objects reloaded before import = 0
Number of asset objects unloaded after import = 2
========================================================================
Received Import Request.
  Time since last request: 0.002567 seconds.
  path: Assets/we/02.Map/Ocean_map/Ocean_Dolphin/1. Objects/Old Sea Port/EffectExamples/Shared/Scripts/ParticleMenu.cs
  artifactKey: Guid(3b87f472a8687453eac1a8091330b6d5) Importer(815301076,1909f56bfc062723c751e8b465ee728b)
Start importing Assets/we/02.Map/Ocean_map/Ocean_Dolphin/1. Objects/Old Sea Port/EffectExamples/Shared/Scripts/ParticleMenu.cs using Guid(3b87f472a8687453eac1a8091330b6d5) Importer(815301076,1909f56bfc062723c751e8b465ee728b)  -> (artifact id: '1dc7c79bc8eab490c3a60cbabb31b7bd') in 0.000550 seconds
Number of updated asset objects reloaded before import = 0
Number of asset objects unloaded after import = 0
========================================================================
Received Import Request.
  Time since last request: 0.002161 seconds.
  path: Assets/we/02.Map/Ocean_map/Ocean_Han/RockFREE/mesh/rock5_LOD1.fbx
  artifactKey: Guid(0ed37f148e3166d42b0d653a3ba63eba) Importer(815301076,1909f56bfc062723c751e8b465ee728b)
Start importing Assets/we/02.Map/Ocean_map/Ocean_Han/RockFREE/mesh/rock5_LOD1.fbx using Guid(0ed37f148e3166d42b0d653a3ba63eba) Importer(815301076,1909f56bfc062723c751e8b465ee728b)  -> (artifact id: '63696b5e107cc7479e20480fb041e147') in 0.041427 seconds
Number of updated asset objects reloaded before import = 0
Number of asset objects unloaded after import = 13
========================================================================
Received Import Request.
  Time since last request: 328.986960 seconds.
  path: Assets/IgniteCoders/Simple Water Shader/Resources
  artifactKey: Guid(1f270598dfa97794f94b80e156f96c72) Importer(815301076,1909f56bfc062723c751e8b465ee728b)
Start importing Assets/IgniteCoders/Simple Water Shader/Resources using Guid(1f270598dfa97794f94b80e156f96c72) Importer(815301076,1909f56bfc062723c751e8b465ee728b)  -> (artifact id: 'aa2701395ef4fdafca95a5b3929dc640') in 0.001224 seconds
Number of updated asset objects reloaded before import = 0
Number of asset objects unloaded after import = 0
========================================================================
Received Import Request.
  Time since last request: 0.564904 seconds.
  path: Assets/IgniteCoders/Simple Water Shader/Prefabs/WaterBlock_50m.prefab
  artifactKey: Guid(7097ba7ba649e1f41bba232312bdcbd8) Importer(815301076,1909f56bfc062723c751e8b465ee728b)
Start importing Assets/IgniteCoders/Simple Water Shader/Prefabs/WaterBlock_50m.prefab using Guid(7097ba7ba649e1f41bba232312bdcbd8) Importer(815301076,1909f56bfc062723c751e8b465ee728b)  -> (artifact id: '43c51ba02a31fa832fecd3151842dde0') in 0.073289 seconds
Number of updated asset objects reloaded before import = 0
Number of asset objects unloaded after import = 13
========================================================================
Received Import Request.
  Time since last request: 4.405721 seconds.
  path: Assets/IgniteCoders
  artifactKey: Guid(422a3506c227cac4d91f0ac075d6c3e5) Importer(815301076,1909f56bfc062723c751e8b465ee728b)
Start importing Assets/IgniteCoders using Guid(422a3506c227cac4d91f0ac075d6c3e5) Importer(815301076,1909f56bfc062723c751e8b465ee728b)  -> (artifact id: '5136b0525f5ca17b4638193e4035ef62') in 0.000688 seconds
Number of updated asset objects reloaded before import = 0
Number of asset objects unloaded after import = 0
========================================================================
Received Import Request.
  Time since last request: 17.210963 seconds.
  path: Assets/asset
  artifactKey: Guid(7aefde2ebbc190d46ad713db810d0d86) Importer(815301076,1909f56bfc062723c751e8b465ee728b)
Start importing Assets/asset using Guid(7aefde2ebbc190d46ad713db810d0d86) Importer(815301076,1909f56bfc062723c751e8b465ee728b)  -> (artifact id: '73da5afd3752a2b2ae235570c8f42a40') in 0.000780 seconds
Number of updated asset objects reloaded before import = 0
Number of asset objects unloaded after import = 0
========================================================================
Received Import Request.
  Time since last request: 11.425237 seconds.
  path: Assets/asset_ocean_sand
  artifactKey: Guid(7aefde2ebbc190d46ad713db810d0d86) Importer(815301076,1909f56bfc062723c751e8b465ee728b)
Start importing Assets/asset_ocean_sand using Guid(7aefde2ebbc190d46ad713db810d0d86) Importer(815301076,1909f56bfc062723c751e8b465ee728b)  -> (artifact id: '08a2099bda36864fe0acca8d734661f9') in 0.000593 seconds
Number of updated asset objects reloaded before import = 0
Number of asset objects unloaded after import = 0
========================================================================
Received Prepare
Begin MonoManager ReloadAssembly
Symbol file LoadedFromMemory is not a mono symbol file
Symbol file LoadedFromMemory is not a mono symbol file
Assembly 'Assets/we/02.Map/Tutorial_map/DB/ExternalDependencyManager/Editor/1.2.183/Google.IOSResolver.dll' will not be loaded due to errors:
Unable to resolve reference 'UnityEditor.iOS.Extensions.Xcode'. Is the assembly missing or incompatible with the current platform?
Reference validation can be disabled in the Plugin Inspector.
Symbol file LoadedFromMemory is not a mono symbol file
Symbol file LoadedFromMemory is not a mono symbol file
Symbol file LoadedFromMemory is not a mono symbol file
Symbol file LoadedFromMemory is not a mono symbol file
Symbol file LoadedFromMemory is not a mono symbol file
Assembly 'Assets/we/02.Map/Tutorial_map/DB/Firebase/Editor/Firebase.Editor.dll' will not be loaded due to errors:
Unable to resolve reference 'UnityEditor.iOS.Extensions.Xcode'. Is the assembly missing or incompatible with the current platform?
Reference validation can be disabled in the Plugin Inspector.
- Loaded All Assemblies, in  0.564 seconds
Refreshing native plugins compatible for Editor in 18.26 ms, found 20 plugins.
Native extension for WindowsStandalone target not found
Native extension for Android target not found
[Package Manager] Server::EnsureServerProcessIsRunning -- launch failed, reason: Unity was launched with the -noUpm command-line argument
[Package Manager] UpmClient::Send -- Unable to send message (not connected to UPM process).
[Package Manager] Cannot connect to Unity Package Manager local server
[Package Manager] Server::EnsureServerProcessIsRunning -- launch failed, reason: Unity was launched with the -noUpm command-line argument
[Package Manager] UpmClient::Send -- Unable to send message (not connected to UPM process).
[Package Manager] Cannot connect to Unity Package Manager local server
Mono: successfully reloaded assembly
[Package Manager] Server::EnsureServerProcessIsRunning -- launch failed, reason: Unity was launched with the -noUpm command-line argument
[Package Manager] UpmClient::Send -- Unable to send message (not connected to UPM process).
[Package Manager] Cannot connect to Unity Package Manager local server
- Finished resetting the current domain, in  1.292 seconds
Domain Reload Profiling: 1853ms
	BeginReloadAssembly (158ms)
		ExecutionOrderSort (0ms)
		DisableScriptedObjects (9ms)
		BackupInstance (0ms)
		ReleaseScriptingObjects (0ms)
		CreateAndSetChildDomain (57ms)
	RebuildCommonClasses (32ms)
	RebuildNativeTypeToScriptingClass (9ms)
	initialDomainReloadingComplete (24ms)
	LoadAllAssembliesAndSetupDomain (337ms)
		LoadAssemblies (314ms)
		RebuildTransferFunctionScriptingTraits (0ms)
		AnalyzeDomain (81ms)
			TypeCache.Refresh (17ms)
				TypeCache.ScanAssembly (4ms)
			ScanForSourceGeneratedMonoScriptInfo (39ms)
			ResolveRequiredComponents (24ms)
	FinalizeReload (1292ms)
		ReleaseScriptCaches (0ms)
		RebuildScriptCaches (0ms)
		SetupLoadedEditorAssemblies (557ms)
			LogAssemblyErrors (0ms)
			InitializePlatformSupportModulesInManaged (26ms)
			SetLoadedEditorAssemblies (6ms)
			RefreshPlugins (0ms)
			BeforeProcessingInitializeOnLoad (99ms)
			ProcessInitializeOnLoadAttributes (365ms)
			ProcessInitializeOnLoadMethodAttributes (57ms)
			AfterProcessingInitializeOnLoad (4ms)
			EditorAssembliesLoaded (0ms)
		ExecutionOrderSort2 (0ms)
		AwakeInstancesAfterBackupRestoration (16ms)
Shader 'Oculus/OVRMRCameraFrameLit': fallback shader 'Alpha-Diffuse' not found
Refreshing native plugins compatible for Editor in 26.39 ms, found 20 plugins.
Preloading 2 native plugins for Editor in 0.19 ms.
Unloading 9252 Unused Serialized files (Serialized files now loaded: 0)
Unloading 165 unused Assets / (3.2 MB). Loaded Objects now: 10108.
Memory consumption went from 336.2 MB to 333.0 MB.
Total: 12.791000 ms (FindLiveObjects: 0.676600 ms CreateObjectMapping: 1.162300 ms MarkObjects: 8.470500 ms  DeleteObjects: 2.479700 ms)

Prepare: number of updated asset objects reloaded= 0
AssetImportParameters requested are different than current active one (requested -> active):
  custom:container-demuxer-ogg: 62fdf1f143b41e24485cea50d1cbac27 -> 
  custom:framework-win-MediaFoundation: 216162199b28c13a410421893ffa2e32 -> 
  custom:container-muxer-webm: aa71ff27fc2769a1b78a27578f13a17b -> 
  custom:video-decoder-webm-vp8: 9c59270c3fd7afecdb556c50c9e8de78 -> 
  custom:SearchIndexIgnoredProperties: e643bd26f0fe6173181afceb89e7c659 -> 
  custom:AudioImporter_EditorPlatform: d09bf68614088b80899f8185d706f6e7 -> 
  custom:audio-decoder-ogg-vorbis: bf7c407c2cedff20999df2af8eb42d56 -> 
  custom:audio-encoder-webm-vorbis: bf7c407c2cedff20999df2af8eb42d56 -> 
  custom:video-codec-MediaFoundation-h265: 746d11721c4dcdbdad8f713fa42b33f4 -> 
  custom:video-decoder-ogg-theora: a1e56fd34408186e4bbccfd4996cb3dc -> 
  custom:CustomObjectIndexerAttribute: d54d2f2da18e7612c182cf67624b6b12 -> 
  custom:container-demuxer-webm: 4f35f7cbe854078d1ac9338744f61a02 -> 
  custom:video-encoder-webm-vp8: eb34c28f22e8b96e1ab97ce403110664 -> 
========================================================================
Received Import Request.
  Time since last request: 12.967889 seconds.
  path: Assets/03. Images
  artifactKey: Guid(1466211ebab9f344b8143ba8ff8092ab) Importer(815301076,1909f56bfc062723c751e8b465ee728b)
Start importing Assets/03. Images using Guid(1466211ebab9f344b8143ba8ff8092ab) Importer(815301076,1909f56bfc062723c751e8b465ee728b)  -> (artifact id: '32914937f2596a31b81a9f3d05d63c09') in 0.002252 seconds
Number of updated asset objects reloaded before import = 0
Number of asset objects unloaded after import = 0
========================================================================
Received Import Request.
  Time since last request: 35.379854 seconds.
  path: Assets/we/02.Map/Snowmap/orora
  artifactKey: Guid(1466211ebab9f344b8143ba8ff8092ab) Importer(815301076,1909f56bfc062723c751e8b465ee728b)
Start importing Assets/we/02.Map/Snowmap/orora using Guid(1466211ebab9f344b8143ba8ff8092ab) Importer(815301076,1909f56bfc062723c751e8b465ee728b)  -> (artifact id: 'b872c7ce9458fc3cb1ba3873876dbf43') in 0.000512 seconds
Number of updated asset objects reloaded before import = 0
Number of asset objects unloaded after import = 0
========================================================================
Received Import Request.
  Time since last request: 20.712785 seconds.
  path: Assets/we/02.Map/Snowmap/Aurora
  artifactKey: Guid(1466211ebab9f344b8143ba8ff8092ab) Importer(815301076,1909f56bfc062723c751e8b465ee728b)
Start importing Assets/we/02.Map/Snowmap/Aurora using Guid(1466211ebab9f344b8143ba8ff8092ab) Importer(815301076,1909f56bfc062723c751e8b465ee728b)  -> (artifact id: 'a8e09e2cbe483c22013a51cdb7c636f6') in 0.000448 seconds
Number of updated asset objects reloaded before import = 0
Number of asset objects unloaded after import = 0
========================================================================
Received Import Request.
  Time since last request: 19.602995 seconds.
  path: Assets/IgniteCoders_water
  artifactKey: Guid(422a3506c227cac4d91f0ac075d6c3e5) Importer(815301076,1909f56bfc062723c751e8b465ee728b)
Start importing Assets/IgniteCoders_water using Guid(422a3506c227cac4d91f0ac075d6c3e5) Importer(815301076,1909f56bfc062723c751e8b465ee728b)  -> (artifact id: '87c294251012dfe826d65ac8ae74fa52') in 0.000581 seconds
Number of updated asset objects reloaded before import = 0
Number of asset objects unloaded after import = 0
========================================================================
Received Prepare
Begin MonoManager ReloadAssembly
Symbol file LoadedFromMemory is not a mono symbol file
Symbol file LoadedFromMemory is not a mono symbol file
Assembly 'Assets/we/02.Map/Tutorial_map/DB/ExternalDependencyManager/Editor/1.2.183/Google.IOSResolver.dll' will not be loaded due to errors:
Unable to resolve reference 'UnityEditor.iOS.Extensions.Xcode'. Is the assembly missing or incompatible with the current platform?
Reference validation can be disabled in the Plugin Inspector.
Symbol file LoadedFromMemory is not a mono symbol file
Symbol file LoadedFromMemory is not a mono symbol file
Symbol file LoadedFromMemory is not a mono symbol file
Symbol file LoadedFromMemory is not a mono symbol file
Symbol file LoadedFromMemory is not a mono symbol file
Assembly 'Assets/we/02.Map/Tutorial_map/DB/Firebase/Editor/Firebase.Editor.dll' will not be loaded due to errors:
Unable to resolve reference 'UnityEditor.iOS.Extensions.Xcode'. Is the assembly missing or incompatible with the current platform?
Reference validation can be disabled in the Plugin Inspector.
- Loaded All Assemblies, in  0.546 seconds
Refreshing native plugins compatible for Editor in 20.46 ms, found 20 plugins.
Native extension for WindowsStandalone target not found
Native extension for Android target not found
[Package Manager] Server::EnsureServerProcessIsRunning -- launch failed, reason: Unity was launched with the -noUpm command-line argument
[Package Manager] UpmClient::Send -- Unable to send message (not connected to UPM process).
[Package Manager] Cannot connect to Unity Package Manager local server
[Package Manager] Server::EnsureServerProcessIsRunning -- launch failed, reason: Unity was launched with the -noUpm command-line argument
[Package Manager] UpmClient::Send -- Unable to send message (not connected to UPM process).
[Package Manager] Cannot connect to Unity Package Manager local server
Mono: successfully reloaded assembly
[Package Manager] Server::EnsureServerProcessIsRunning -- launch failed, reason: Unity was launched with the -noUpm command-line argument
[Package Manager] UpmClient::Send -- Unable to send message (not connected to UPM process).
[Package Manager] Cannot connect to Unity Package Manager local server
- Finished resetting the current domain, in  1.283 seconds
Domain Reload Profiling: 1825ms
	BeginReloadAssembly (140ms)
		ExecutionOrderSort (0ms)
		DisableScriptedObjects (3ms)
		BackupInstance (0ms)
		ReleaseScriptingObjects (0ms)
		CreateAndSetChildDomain (45ms)
	RebuildCommonClasses (32ms)
	RebuildNativeTypeToScriptingClass (11ms)
	initialDomainReloadingComplete (28ms)
	LoadAllAssembliesAndSetupDomain (329ms)
		LoadAssemblies (316ms)
		RebuildTransferFunctionScriptingTraits (0ms)
		AnalyzeDomain (77ms)
			TypeCache.Refresh (19ms)
				TypeCache.ScanAssembly (5ms)
			ScanForSourceGeneratedMonoScriptInfo (33ms)
			ResolveRequiredComponents (23ms)
	FinalizeReload (1283ms)
		ReleaseScriptCaches (0ms)
		RebuildScriptCaches (0ms)
		SetupLoadedEditorAssemblies (535ms)
			LogAssemblyErrors (0ms)
			InitializePlatformSupportModulesInManaged (20ms)
			SetLoadedEditorAssemblies (6ms)
			RefreshPlugins (0ms)
			BeforeProcessingInitializeOnLoad (115ms)
			ProcessInitializeOnLoadAttributes (332ms)
			ProcessInitializeOnLoadMethodAttributes (57ms)
			AfterProcessingInitializeOnLoad (5ms)
			EditorAssembliesLoaded (0ms)
		ExecutionOrderSort2 (0ms)
		AwakeInstancesAfterBackupRestoration (17ms)
Shader 'Oculus/OVRMRCameraFrameLit': fallback shader 'Alpha-Diffuse' not found
Refreshing native plugins compatible for Editor in 37.86 ms, found 20 plugins.
Preloading 2 native plugins for Editor in 0.73 ms.
Unloading 9251 Unused Serialized files (Serialized files now loaded: 0)
Unloading 163 unused Assets / (3.1 MB). Loaded Objects now: 10113.
Memory consumption went from 337.7 MB to 334.6 MB.
Total: 15.128400 ms (FindLiveObjects: 1.764300 ms CreateObjectMapping: 2.007400 ms MarkObjects: 8.849600 ms  DeleteObjects: 2.505300 ms)

Prepare: number of updated asset objects reloaded= 0
AssetImportParameters requested are different than current active one (requested -> active):
  custom:container-demuxer-ogg: 62fdf1f143b41e24485cea50d1cbac27 -> 
  custom:framework-win-MediaFoundation: 216162199b28c13a410421893ffa2e32 -> 
  custom:container-muxer-webm: aa71ff27fc2769a1b78a27578f13a17b -> 
  custom:video-decoder-webm-vp8: 9c59270c3fd7afecdb556c50c9e8de78 -> 
  custom:SearchIndexIgnoredProperties: e643bd26f0fe6173181afceb89e7c659 -> 
  custom:AudioImporter_EditorPlatform: d09bf68614088b80899f8185d706f6e7 -> 
  custom:audio-decoder-ogg-vorbis: bf7c407c2cedff20999df2af8eb42d56 -> 
  custom:audio-encoder-webm-vorbis: bf7c407c2cedff20999df2af8eb42d56 -> 
  custom:video-codec-MediaFoundation-h265: 746d11721c4dcdbdad8f713fa42b33f4 -> 
  custom:video-decoder-ogg-theora: a1e56fd34408186e4bbccfd4996cb3dc -> 
  custom:CustomObjectIndexerAttribute: d54d2f2da18e7612c182cf67624b6b12 -> 
  custom:container-demuxer-webm: 4f35f7cbe854078d1ac9338744f61a02 -> 
  custom:video-encoder-webm-vp8: eb34c28f22e8b96e1ab97ce403110664 -> 
========================================================================
Received Import Request.
  Time since last request: 9.460865 seconds.
  path: Assets/Underwater
  artifactKey: Guid(3a23444873e065948a6148bd5a63bebc) Importer(815301076,1909f56bfc062723c751e8b465ee728b)
Start importing Assets/Underwater using Guid(3a23444873e065948a6148bd5a63bebc) Importer(815301076,1909f56bfc062723c751e8b465ee728b)  -> (artifact id: '4888bf672ab9bffdc29acb59635c4384') in 0.002526 seconds
Number of updated asset objects reloaded before import = 0
Number of asset objects unloaded after import = 0
========================================================================
Received Prepare
Begin MonoManager ReloadAssembly
Symbol file LoadedFromMemory is not a mono symbol file
Symbol file LoadedFromMemory is not a mono symbol file
Assembly 'Assets/we/02.Map/Tutorial_map/DB/ExternalDependencyManager/Editor/1.2.183/Google.IOSResolver.dll' will not be loaded due to errors:
Unable to resolve reference 'UnityEditor.iOS.Extensions.Xcode'. Is the assembly missing or incompatible with the current platform?
Reference validation can be disabled in the Plugin Inspector.
Symbol file LoadedFromMemory is not a mono symbol file
Symbol file LoadedFromMemory is not a mono symbol file
Symbol file LoadedFromMemory is not a mono symbol file
Symbol file LoadedFromMemory is not a mono symbol file
Symbol file LoadedFromMemory is not a mono symbol file
Assembly 'Assets/we/02.Map/Tutorial_map/DB/Firebase/Editor/Firebase.Editor.dll' will not be loaded due to errors:
Unable to resolve reference 'UnityEditor.iOS.Extensions.Xcode'. Is the assembly missing or incompatible with the current platform?
Reference validation can be disabled in the Plugin Inspector.
- Loaded All Assemblies, in  0.592 seconds
Refreshing native plugins compatible for Editor in 18.99 ms, found 20 plugins.
Native extension for WindowsStandalone target not found
Native extension for Android target not found
[Package Manager] Server::EnsureServerProcessIsRunning -- launch failed, reason: Unity was launched with the -noUpm command-line argument
[Package Manager] UpmClient::Send -- Unable to send message (not connected to UPM process).
[Package Manager] Cannot connect to Unity Package Manager local server
[Package Manager] Server::EnsureServerProcessIsRunning -- launch failed, reason: Unity was launched with the -noUpm command-line argument
[Package Manager] UpmClient::Send -- Unable to send message (not connected to UPM process).
[Package Manager] Cannot connect to Unity Package Manager local server
Mono: successfully reloaded assembly
[Package Manager] Server::EnsureServerProcessIsRunning -- launch failed, reason: Unity was launched with the -noUpm command-line argument
[Package Manager] UpmClient::Send -- Unable to send message (not connected to UPM process).
[Package Manager] Cannot connect to Unity Package Manager local server
- Finished resetting the current domain, in  1.482 seconds
Domain Reload Profiling: 2072ms
	BeginReloadAssembly (155ms)
		ExecutionOrderSort (0ms)
		DisableScriptedObjects (3ms)
		BackupInstance (0ms)
		ReleaseScriptingObjects (0ms)
		CreateAndSetChildDomain (47ms)
	RebuildCommonClasses (33ms)
	RebuildNativeTypeToScriptingClass (10ms)
	initialDomainReloadingComplete (27ms)
	LoadAllAssembliesAndSetupDomain (364ms)
		LoadAssemblies (329ms)
		RebuildTransferFunctionScriptingTraits (0ms)
		AnalyzeDomain (105ms)
			TypeCache.Refresh (22ms)
				TypeCache.ScanAssembly (5ms)
			ScanForSourceGeneratedMonoScriptInfo (50ms)
			ResolveRequiredComponents (30ms)
	FinalizeReload (1483ms)
		ReleaseScriptCaches (0ms)
		RebuildScriptCaches (0ms)
		SetupLoadedEditorAssemblies (567ms)
			LogAssemblyErrors (0ms)
			InitializePlatformSupportModulesInManaged (21ms)
			SetLoadedEditorAssemblies (4ms)
			RefreshPlugins (0ms)
			BeforeProcessingInitializeOnLoad (106ms)
			ProcessInitializeOnLoadAttributes (365ms)
			ProcessInitializeOnLoadMethodAttributes (65ms)
			AfterProcessingInitializeOnLoad (5ms)
			EditorAssembliesLoaded (0ms)
		ExecutionOrderSort2 (0ms)
		AwakeInstancesAfterBackupRestoration (15ms)
Shader 'Oculus/OVRMRCameraFrameLit': fallback shader 'Alpha-Diffuse' not found
Refreshing native plugins compatible for Editor in 35.58 ms, found 20 plugins.
Preloading 2 native plugins for Editor in 0.17 ms.
Unloading 9251 Unused Serialized files (Serialized files now loaded: 0)
Unloading 163 unused Assets / (3.1 MB). Loaded Objects now: 10118.
Memory consumption went from 339.7 MB to 336.6 MB.
Total: 11.137400 ms (FindLiveObjects: 1.092100 ms CreateObjectMapping: 0.832200 ms MarkObjects: 6.880600 ms  DeleteObjects: 2.330900 ms)

Prepare: number of updated asset objects reloaded= 0
AssetImportParameters requested are different than current active one (requested -> active):
  custom:container-demuxer-ogg: 62fdf1f143b41e24485cea50d1cbac27 -> 
  custom:framework-win-MediaFoundation: 216162199b28c13a410421893ffa2e32 -> 
  custom:container-muxer-webm: aa71ff27fc2769a1b78a27578f13a17b -> 
  custom:video-decoder-webm-vp8: 9c59270c3fd7afecdb556c50c9e8de78 -> 
  custom:SearchIndexIgnoredProperties: e643bd26f0fe6173181afceb89e7c659 -> 
  custom:AudioImporter_EditorPlatform: d09bf68614088b80899f8185d706f6e7 -> 
  custom:audio-decoder-ogg-vorbis: bf7c407c2cedff20999df2af8eb42d56 -> 
  custom:audio-encoder-webm-vorbis: bf7c407c2cedff20999df2af8eb42d56 -> 
  custom:video-codec-MediaFoundation-h265: 746d11721c4dcdbdad8f713fa42b33f4 -> 
  custom:video-decoder-ogg-theora: a1e56fd34408186e4bbccfd4996cb3dc -> 
  custom:CustomObjectIndexerAttribute: d54d2f2da18e7612c182cf67624b6b12 -> 
  custom:container-demuxer-webm: 4f35f7cbe854078d1ac9338744f61a02 -> 
  custom:video-encoder-webm-vp8: eb34c28f22e8b96e1ab97ce403110664 -> 
========================================================================
Received Import Request.
  Time since last request: 19.517092 seconds.
  path: Assets/Materials
  artifactKey: Guid(6b60f6c94ac56124e93bd6bc71928fe6) Importer(815301076,1909f56bfc062723c751e8b465ee728b)
Start importing Assets/Materials using Guid(6b60f6c94ac56124e93bd6bc71928fe6) Importer(815301076,1909f56bfc062723c751e8b465ee728b)  -> (artifact id: '050c57dc472d56a1a06e6fc2b944bd3c') in 0.002878 seconds
Number of updated asset objects reloaded before import = 0
Number of asset objects unloaded after import = 0
========================================================================
Received Import Request.
  Time since last request: 67.121128 seconds.
  path: Assets/we/02.Map/Ocean_map/asset_ocean_sand/CGSoul/Emperor Angelfish/Art/Textures/Emperor Angelfish N.png
  artifactKey: Guid(5d4d63041ab2292458b2f051175ff838) Importer(815301076,1909f56bfc062723c751e8b465ee728b)
Start importing Assets/we/02.Map/Ocean_map/asset_ocean_sand/CGSoul/Emperor Angelfish/Art/Textures/Emperor Angelfish N.png using Guid(5d4d63041ab2292458b2f051175ff838) Importer(815301076,1909f56bfc062723c751e8b465ee728b)  -> (artifact id: 'b994f320cbf8d208c958865178aa3ac6') in 0.053605 seconds
Number of updated asset objects reloaded before import = 0
Number of asset objects unloaded after import = 2
========================================================================
Received Import Request.
  Time since last request: 0.032326 seconds.
  path: Assets/we/02.Map/Ocean_map/Ocean_Han/RockFREE/Textures/rock4_Occlusion.png
  artifactKey: Guid(d5b9f9620b7ac074eae382ca2d9f223b) Importer(815301076,1909f56bfc062723c751e8b465ee728b)
Start importing Assets/we/02.Map/Ocean_map/Ocean_Han/RockFREE/Textures/rock4_Occlusion.png using Guid(d5b9f9620b7ac074eae382ca2d9f223b) Importer(815301076,1909f56bfc062723c751e8b465ee728b)  -> (artifact id: '0dfada7a206885ef09eac1cc55b5802d') in 0.020792 seconds
Number of updated asset objects reloaded before import = 0
Number of asset objects unloaded after import = 2
========================================================================
Received Import Request.
  Time since last request: 0.004422 seconds.
  path: Assets/we/02.Map/Ocean_map/Ocean_Floor/Scenes/Ocean_Floor/Main Camera Profile.asset
  artifactKey: Guid(0d4b4dd536fcbb04e92153cc5a964fa8) Importer(815301076,1909f56bfc062723c751e8b465ee728b)
Start importing Assets/we/02.Map/Ocean_map/Ocean_Floor/Scenes/Ocean_Floor/Main Camera Profile.asset using Guid(0d4b4dd536fcbb04e92153cc5a964fa8) Importer(815301076,1909f56bfc062723c751e8b465ee728b)  -> (artifact id: 'ed3c1686037427210b2a87f969a1d93e') in 0.004141 seconds
Number of updated asset objects reloaded before import = 0
Number of asset objects unloaded after import = 6
========================================================================
Received Import Request.
  Time since last request: 0.015301 seconds.
  path: Assets/we/02.Map/Ocean_map/Oceanmap/Images/image-from-rawpixel-id-9820002-png.png
  artifactKey: Guid(1f7ed425f6ddf904d965f0f9c4c7a54f) Importer(815301076,1909f56bfc062723c751e8b465ee728b)
Start importing Assets/we/02.Map/Ocean_map/Oceanmap/Images/image-from-rawpixel-id-9820002-png.png using Guid(1f7ed425f6ddf904d965f0f9c4c7a54f) Importer(815301076,1909f56bfc062723c751e8b465ee728b)  -> (artifact id: '6b1194755a36dd78bfa3b03c2607e7d0') in 0.026900 seconds
Number of updated asset objects reloaded before import = 0
Number of asset objects unloaded after import = 3
========================================================================
Received Import Request.
  Time since last request: 0.002155 seconds.
  path: Assets/we/02.Map/Ocean_map/Ocean_Han/RockFREE/mesh/rock4_LOD0.fbx
  artifactKey: Guid(2ead09f5d1499f94fa7752857724d027) Importer(815301076,1909f56bfc062723c751e8b465ee728b)
Start importing Assets/we/02.Map/Ocean_map/Ocean_Han/RockFREE/mesh/rock4_LOD0.fbx using Guid(2ead09f5d1499f94fa7752857724d027) Importer(815301076,1909f56bfc062723c751e8b465ee728b)  -> (artifact id: '914a6b36d490b95d8668da196350773c') in 0.188856 seconds
Number of updated asset objects reloaded before import = 0
Number of asset objects unloaded after import = 31
========================================================================
Received Import Request.
  Time since last request: 0.060597 seconds.
  path: Assets/we/02.Map/Ocean_map/Ocean_Han/RockFREE/mesh/rock4_LOD2.fbx
  artifactKey: Guid(3e0e689754be2b24ca3288f9bad7aa61) Importer(815301076,1909f56bfc062723c751e8b465ee728b)
Start importing Assets/we/02.Map/Ocean_map/Ocean_Han/RockFREE/mesh/rock4_LOD2.fbx using Guid(3e0e689754be2b24ca3288f9bad7aa61) Importer(815301076,1909f56bfc062723c751e8b465ee728b)  -> (artifact id: '25de88c3769c3386dd3d3c9630a25015') in 0.049434 seconds
Number of updated asset objects reloaded before import = 0
Number of asset objects unloaded after import = 13
========================================================================
Received Import Request.
  Time since last request: 0.028620 seconds.
  path: Assets/we/02.Map/Ocean_map/IgniteCoders_water/Simple Water Shader/Resources/WaterSurface_single.tif
  artifactKey: Guid(11154d936b05e66498f68fa178c5cfbb) Importer(815301076,1909f56bfc062723c751e8b465ee728b)
Start importing Assets/we/02.Map/Ocean_map/IgniteCoders_water/Simple Water Shader/Resources/WaterSurface_single.tif using Guid(11154d936b05e66498f68fa178c5cfbb) Importer(815301076,1909f56bfc062723c751e8b465ee728b)  -> (artifact id: '9a4352cc5f26a6e557124c84f582ca3d') in 0.016689 seconds
Number of updated asset objects reloaded before import = 0
Number of asset objects unloaded after import = 2
========================================================================
Received Import Request.
  Time since last request: 0.044291 seconds.
  path: Assets/we/02.Map/Ocean_map/Ocean_Han/RockFREE/mesh/rock4_LOD1.fbx
  artifactKey: Guid(80c3ef9d2c3a0304db9102badc344c6f) Importer(815301076,1909f56bfc062723c751e8b465ee728b)
Start importing Assets/we/02.Map/Ocean_map/Ocean_Han/RockFREE/mesh/rock4_LOD1.fbx using Guid(80c3ef9d2c3a0304db9102badc344c6f) Importer(815301076,1909f56bfc062723c751e8b465ee728b)  -> (artifact id: '8405498715454cef028324ceb7fe9fb9') in 0.044594 seconds
Number of updated asset objects reloaded before import = 0
Number of asset objects unloaded after import = 13
========================================================================
Received Import Request.
  Time since last request: 0.051426 seconds.
  path: Assets/we/02.Map/Ocean_map/asset_ocean_sand/CGSoul/Emperor Angelfish/Art/Materials/M_Emperor_fins.mat
  artifactKey: Guid(2db70de704e6c0342a9e84cf72962449) Importer(815301076,1909f56bfc062723c751e8b465ee728b)
Start importing Assets/we/02.Map/Ocean_map/asset_ocean_sand/CGSoul/Emperor Angelfish/Art/Materials/M_Emperor_fins.mat using Guid(2db70de704e6c0342a9e84cf72962449) Importer(815301076,1909f56bfc062723c751e8b465ee728b)  -> (artifact id: 'dc4e1989ed47f0bc41d7780def0d71d3') in 0.266558 seconds
Number of updated asset objects reloaded before import = 0
Number of asset objects unloaded after import = 5
========================================================================
Received Import Request.
  Time since last request: 0.016458 seconds.
  path: Assets/we/02.Map/Ocean_map/asset_ocean_sand/shader/Caustics Effect.shadergraph
  artifactKey: Guid(b76d2dd06b87e2a46ba35e553306edb0) Importer(815301076,1909f56bfc062723c751e8b465ee728b)
Start importing Assets/we/02.Map/Ocean_map/asset_ocean_sand/shader/Caustics Effect.shadergraph using Guid(b76d2dd06b87e2a46ba35e553306edb0) Importer(815301076,1909f56bfc062723c751e8b465ee728b)  -> (artifact id: 'ab601dd52a49fc593151a26bec8c9588') in 0.013155 seconds
Number of updated asset objects reloaded before import = 0
Number of asset objects unloaded after import = 3
========================================================================
Received Import Request.
  Time since last request: 0.043873 seconds.
  path: Assets/we/02.Map/Ocean_map/asset_ocean_sand/CGSoul/Emperor Angelfish/Art/Materials/M_Emperor_body.mat
  artifactKey: Guid(1b812e4b69fe95b45bcd46b936b25112) Importer(815301076,1909f56bfc062723c751e8b465ee728b)
Start importing Assets/we/02.Map/Ocean_map/asset_ocean_sand/CGSoul/Emperor Angelfish/Art/Materials/M_Emperor_body.mat using Guid(1b812e4b69fe95b45bcd46b936b25112) Importer(815301076,1909f56bfc062723c751e8b465ee728b)  -> (artifact id: '588147a8296d3207335efab75489b18e') in 0.062587 seconds
Number of updated asset objects reloaded before import = 0
Number of asset objects unloaded after import = 5
========================================================================
Received Import Request.
  Time since last request: 0.008307 seconds.
  path: Assets/we/02.Map/Ocean_map/asset_ocean_sand/Paro222/Underwater Effects/Underwater.cs
  artifactKey: Guid(1da1f5b1f37e9b34da4c29c89838dc59) Importer(815301076,1909f56bfc062723c751e8b465ee728b)
Start importing Assets/we/02.Map/Ocean_map/asset_ocean_sand/Paro222/Underwater Effects/Underwater.cs using Guid(1da1f5b1f37e9b34da4c29c89838dc59) Importer(815301076,1909f56bfc062723c751e8b465ee728b)  -> (artifact id: '5df07e02eea36aa491ae636a21c6a839') in 0.000568 seconds
Number of updated asset objects reloaded before import = 0
Number of asset objects unloaded after import = 0
========================================================================
Received Import Request.
  Time since last request: 0.008739 seconds.
  path: Assets/we/02.Map/Ocean_map/Ocean_Han/RockFREE/Materials/rock4_Albedo.mat
  artifactKey: Guid(27c05d9a8bcc79041a304a145a002484) Importer(815301076,1909f56bfc062723c751e8b465ee728b)
Start importing Assets/we/02.Map/Ocean_map/Ocean_Han/RockFREE/Materials/rock4_Albedo.mat using Guid(27c05d9a8bcc79041a304a145a002484) Importer(815301076,1909f56bfc062723c751e8b465ee728b)  -> (artifact id: '5ae49551270c2643af1223b5a341363e') in 0.038623 seconds
Number of updated asset objects reloaded before import = 0
Number of asset objects unloaded after import = 6
========================================================================
Received Import Request.
  Time since last request: 0.008243 seconds.
  path: Assets/we/02.Map/Ocean_map/asset_ocean_sand/CGSoul/Emperor Angelfish/Art/Models/EmperorAngelfish.fbx
  artifactKey: Guid(617efb85c35f59f4eb701efedec7c310) Importer(815301076,1909f56bfc062723c751e8b465ee728b)
Start importing Assets/we/02.Map/Ocean_map/asset_ocean_sand/CGSoul/Emperor Angelfish/Art/Models/EmperorAngelfish.fbx using Guid(617efb85c35f59f4eb701efedec7c310) Importer(815301076,1909f56bfc062723c751e8b465ee728b)  -> (artifact id: '0febac59bde0faa3d6e6fecdd74353cb') in 0.054828 seconds
Number of updated asset objects reloaded before import = 0
Number of asset objects unloaded after import = 163
========================================================================
Received Import Request.
  Time since last request: 0.005322 seconds.
  path: Assets/we/02.Map/Ocean_map/asset_ocean_sand/CGSoul/Emperor Angelfish/Art/Textures/Emperor Angelfish M.png
  artifactKey: Guid(3bba2825162f0424b8e89e2b3824e4f9) Importer(815301076,1909f56bfc062723c751e8b465ee728b)
Start importing Assets/we/02.Map/Ocean_map/asset_ocean_sand/CGSoul/Emperor Angelfish/Art/Textures/Emperor Angelfish M.png using Guid(3bba2825162f0424b8e89e2b3824e4f9) Importer(815301076,1909f56bfc062723c751e8b465ee728b)  -> (artifact id: 'a39936144ace116ed7648aba9917c6e5') in 0.020521 seconds
Number of updated asset objects reloaded before import = 0
Number of asset objects unloaded after import = 2
========================================================================
Received Import Request.
  Time since last request: 0.035541 seconds.
  path: Assets/we/02.Map/Ocean_map/IgniteCoders_water/Simple Water Shader/Resources/WaterSurface_atlas.tif
  artifactKey: Guid(2ed3d41b7c655bf4daa77f71b994f6ed) Importer(815301076,1909f56bfc062723c751e8b465ee728b)
Start importing Assets/we/02.Map/Ocean_map/IgniteCoders_water/Simple Water Shader/Resources/WaterSurface_atlas.tif using Guid(2ed3d41b7c655bf4daa77f71b994f6ed) Importer(815301076,1909f56bfc062723c751e8b465ee728b)  -> (artifact id: '83538e2bf37e74921de5fdd0a544f45a') in 0.019648 seconds
Number of updated asset objects reloaded before import = 0
Number of asset objects unloaded after import = 2
========================================================================
Received Import Request.
  Time since last request: 0.011097 seconds.
  path: Assets/we/02.Map/Ocean_map/Ocean_Han/RockFREE/Textures/rock4_Albedo.png
  artifactKey: Guid(7e03c29b988d46f4e8c947ba1f9f6209) Importer(815301076,1909f56bfc062723c751e8b465ee728b)
Start importing Assets/we/02.Map/Ocean_map/Ocean_Han/RockFREE/Textures/rock4_Albedo.png using Guid(7e03c29b988d46f4e8c947ba1f9f6209) Importer(815301076,1909f56bfc062723c751e8b465ee728b)  -> (artifact id: 'b1ec920a51885dcc94be825cc74efe5d') in 0.019340 seconds
Number of updated asset objects reloaded before import = 0
Number of asset objects unloaded after import = 2
========================================================================
Received Import Request.
  Time since last request: 0.004754 seconds.
  path: Assets/we/02.Map/Ocean_map/asset_ocean_sand/CGSoul/Emperor Angelfish/Art/Textures/Emperor Angelfish A.png
  artifactKey: Guid(09441768aca821040bb07fb346535cd1) Importer(815301076,1909f56bfc062723c751e8b465ee728b)
Start importing Assets/we/02.Map/Ocean_map/asset_ocean_sand/CGSoul/Emperor Angelfish/Art/Textures/Emperor Angelfish A.png using Guid(09441768aca821040bb07fb346535cd1) Importer(815301076,1909f56bfc062723c751e8b465ee728b)  -> (artifact id: '782a10afad1c06e49cc2714f92bffc7b') in 0.021720 seconds
Number of updated asset objects reloaded before import = 0
Number of asset objects unloaded after import = 2
========================================================================
Received Import Request.
  Time since last request: 0.021473 seconds.
  path: Assets/we/02.Map/Ocean_map/Ocean_Han/RockFREE/Textures/rock4_Normal.png
  artifactKey: Guid(049aac5882ef96643852d55695acfe87) Importer(815301076,1909f56bfc062723c751e8b465ee728b)
Start importing Assets/we/02.Map/Ocean_map/Ocean_Han/RockFREE/Textures/rock4_Normal.png using Guid(049aac5882ef96643852d55695acfe87) Importer(815301076,1909f56bfc062723c751e8b465ee728b)  -> (artifact id: '8d92e0bd5cc995bb0257c2017add0ce4') in 0.021010 seconds
Number of updated asset objects reloaded before import = 0
Number of asset objects unloaded after import = 2
========================================================================
Received Import Request.
  Time since last request: 0.006512 seconds.
  path: Assets/we/02.Map/Ocean_map/IgniteCoders_water/Simple Water Shader/Resources/WaterReflection.cs
  artifactKey: Guid(dfbe97460f8acd1488a82178305cdf59) Importer(815301076,1909f56bfc062723c751e8b465ee728b)
Start importing Assets/we/02.Map/Ocean_map/IgniteCoders_water/Simple Water Shader/Resources/WaterReflection.cs using Guid(dfbe97460f8acd1488a82178305cdf59) Importer(815301076,1909f56bfc062723c751e8b465ee728b)  -> (artifact id: '494d3af2457be2fc7b744252c50afb34') in 0.000554 seconds
Number of updated asset objects reloaded before import = 0
Number of asset objects unloaded after import = 0
========================================================================
Received Import Request.
  Time since last request: 0.027013 seconds.
  path: Assets/we/02.Map/Ocean_map/Ocean_Floor/Textures/T_Dirt.TGA
  artifactKey: Guid(d66eae66cb514f54fb68f9180659ecd5) Importer(815301076,1909f56bfc062723c751e8b465ee728b)
Start importing Assets/we/02.Map/Ocean_map/Ocean_Floor/Textures/T_Dirt.TGA using Guid(d66eae66cb514f54fb68f9180659ecd5) Importer(815301076,1909f56bfc062723c751e8b465ee728b)  -> (artifact id: '3f0543592ac04c47855c195b93aef01e') in 0.015769 seconds
Number of updated asset objects reloaded before import = 0
Number of asset objects unloaded after import = 2
========================================================================
Received Import Request.
  Time since last request: 0.007988 seconds.
  path: Assets/we/02.Map/Ocean_map/IgniteCoders_water/Simple Water Shader/Resources/WaterBlock_50m.mesh
  artifactKey: Guid(3da23cdf512599b42881988944f3918c) Importer(815301076,1909f56bfc062723c751e8b465ee728b)
Start importing Assets/we/02.Map/Ocean_map/IgniteCoders_water/Simple Water Shader/Resources/WaterBlock_50m.mesh using Guid(3da23cdf512599b42881988944f3918c) Importer(815301076,1909f56bfc062723c751e8b465ee728b)  -> (artifact id: '6ed2051ca8158bfc8af89a5d6c06c8f8') in 0.012090 seconds
Number of updated asset objects reloaded before import = 0
Number of asset objects unloaded after import = 2
========================================================================
Received Import Request.
  Time since last request: 0.017361 seconds.
  path: Assets/we/02.Map/Ocean_map/Ocean_Han/RockFREE/Textures/rock4_Metallic.tga
  artifactKey: Guid(3d35a4750e5da974088510faf8ee884a) Importer(815301076,1909f56bfc062723c751e8b465ee728b)
Start importing Assets/we/02.Map/Ocean_map/Ocean_Han/RockFREE/Textures/rock4_Metallic.tga using Guid(3d35a4750e5da974088510faf8ee884a) Importer(815301076,1909f56bfc062723c751e8b465ee728b)  -> (artifact id: 'e3c9785e6027c6dfeabaebd7d5694526') in 0.020904 seconds
Number of updated asset objects reloaded before import = 0
Number of asset objects unloaded after import = 2
========================================================================
Received Import Request.
  Time since last request: 0.015645 seconds.
  path: Assets/we/02.Map/Ocean_map/asset_ocean_sand/shader/Caustics Effect.mat
  artifactKey: Guid(805690bf998b6cd4ca304c13ec96e767) Importer(815301076,1909f56bfc062723c751e8b465ee728b)
Start importing Assets/we/02.Map/Ocean_map/asset_ocean_sand/shader/Caustics Effect.mat using Guid(805690bf998b6cd4ca304c13ec96e767) Importer(815301076,1909f56bfc062723c751e8b465ee728b)  -> (artifact id: '1c18e38e6ba657d0f82f3f4c0a426ba3') in 0.011709 seconds
Number of updated asset objects reloaded before import = 0
Number of asset objects unloaded after import = 3
========================================================================
Received Import Request.
  Time since last request: 0.084942 seconds.
  path: Assets/we/02.Map/Ocean_map/Ocean_Han/RockFREE/LODGroups/rock4_LOD0.prefab
  artifactKey: Guid(91539656a2852a24894b1408b15af8fa) Importer(815301076,1909f56bfc062723c751e8b465ee728b)
Start importing Assets/we/02.Map/Ocean_map/Ocean_Han/RockFREE/LODGroups/rock4_LOD0.prefab using Guid(91539656a2852a24894b1408b15af8fa) Importer(815301076,1909f56bfc062723c751e8b465ee728b)  -> (artifact id: '6e0a3c76c51f2f169f00fec80bfb096d') in 0.040420 seconds
Number of updated asset objects reloaded before import = 0
Number of asset objects unloaded after import = 26
========================================================================
Received Import Request.
  Time since last request: 0.058736 seconds.
  path: Assets/we/02.Map/Ocean_map/IgniteCoders_water/Simple Water Shader/Resources/WaterReflection.renderTexture
  artifactKey: Guid(4ae8ae7350b67b44785d874c413a2e03) Importer(815301076,1909f56bfc062723c751e8b465ee728b)
Start importing Assets/we/02.Map/Ocean_map/IgniteCoders_water/Simple Water Shader/Resources/WaterReflection.renderTexture using Guid(4ae8ae7350b67b44785d874c413a2e03) Importer(815301076,1909f56bfc062723c751e8b465ee728b)  -> (artifact id: 'f96f44fbec42c5ec149bca12b7a13864') in 0.013343 seconds
Number of updated asset objects reloaded before import = 0
Number of asset objects unloaded after import = 2
